soc_fraction,origin,destination,demand,retained_paths,distinct_charging_stations,refinement_round,selection_reason
0.1,1004,902,1.376936185,5,0,0,path_count_below_K;high_demand
0.1,1022,1013,1.3955909475,5,0,0,path_count_below_K;high_demand
0.1,1022,1029,1.2879702975,5,0,0,path_count_below_K;high_demand
0.1,1022,1059,1.9356608425,5,0,0,path_count_below_K;high_demand
0.1,1022,1569,1.62402705,5,0,0,path_count_below_K;high_demand
0.1,1071,1029,1.6470875575,5,0,0,path_count_below_K;high_demand
0.1,1071,1059,2.785935815,5,0,0,path_count_below_K;high_demand
0.1,1071,1328,2.012463055,5,0,0,path_count_below_K;high_demand
0.1,1071,1564,3.647193135,5,0,0,path_count_below_K;high_demand
0.1,1071,1571,1.7225693125,5,0,0,path_count_below_K;high_demand
0.1,1071,1585,1.773357335,5,0,0,path_count_below_K;high_demand
0.1,1071,1632,1.327636265,5,0,0,path_count_below_K;high_overlap;high_demand
0.1,1071,1633,2.4016242875,5,0,0,path_count_below_K;high_demand
0.1,1134,1142,1.4706574025,5,0,0,path_count_below_K;high_demand
0.1,1134,528,1.4152926625,5,0,0,path_count_below_K;high_demand
0.1,1142,528,1.3549478225,5,0,0,path_count_below_K;high_demand
0.1,1151,528,2.018167845,5,0,0,path_count_below_K;high_demand
0.1,1190,1252,1.31721389,5,0,0,path_count_below_K;high_demand
0.1,1190,1514,0.006375925,5,1,0,path_count_below_K;high_overlap;low_station_diversity
0.1,1190,1521,0.0743502075,5,1,0,path_count_below_K;high_overlap;low_station_diversity
0.1,1190,484,0.01714168,5,1,0,path_count_below_K;low_station_diversity
0.1,1190,504,0.0677475925,5,1,0,path_count_below_K;low_station_diversity
0.1,1190,516,0.0054652875,5,1,0,path_count_below_K;high_overlap;low_station_diversity
0.1,1190,681,0.02499093,5,1,0,path_count_below_K;low_station_diversity
0.1,1190,707,0.060555015,5,1,0,path_count_below_K;high_overlap;low_station_diversity
0.1,1190,717,1.956157955,5,0,0,path_count_below_K;high_demand
0.1,1190,726,2.3707883625,5,0,0,path_count_below_K;high_demand
0.1,1190,754,1.338421255,5,0,0,path_count_below_K;high_demand
0.1,1190,777,1.4287498325,5,0,0,path_count_below_K;high_demand
0.1,1224,1190,1.34746937,5,0,0,path_count_below_K;high_demand
0.1,1224,1225,1.999273995,5,0,0,path_count_below_K;high_demand
0.1,1224,1252,2.7619070375,5,0,0,path_count_below_K;high_demand
0.1,1224,1431,1.369259715,5,0,0,path_count_below_K;high_demand
0.1,1224,460,0.016245185,5,1,0,path_count_below_K;high_overlap;low_station_diversity
0.1,1224,461,0.00971208,5,1,0,path_count_below_K;high_overlap;low_station_diversity
0.1,1224,484,0.0121206075,5,1,0,path_count_below_K;high_overlap;low_station_diversity
0.1,1224,613,0.0148836025,5,1,0,path_count_below_K;high_overlap;low_station_diversity
0.1,1224,623,0.0192836775,5,1,0,path_count_below_K;high_overlap;low_station_diversity
0.1,1224,630,0.02000831,5,1,0,path_count_below_K;high_overlap;low_station_diversity
0.1,1224,642,0.04432782,5,1,0,path_count_below_K;high_overlap;low_station_diversity
0.1,1224,643,0.0268207425,5,1,0,path_count_below_K;high_overlap;low_station_diversity
0.1,1224,654,0.02887838,5,1,0,path_count_below_K;high_overlap;low_station_diversity
0.1,1224,656,0.05198862,5,1,0,path_count_below_K;high_overlap;low_station_diversity
0.1,1224,667,0.040854285,5,1,0,path_count_below_K;high_overlap;low_station_diversity
0.1,1224,681,0.0186608525,5,1,0,path_count_below_K;high_overlap;low_station_diversity
0.1,1224,693,0.040720465,5,1,0,path_count_below_K;high_overlap;low_station_diversity
0.1,1224,726,1.288000025,5,0,0,path_count_below_K;high_demand
0.1,1224,777,1.32162115,5,0,0,path_count_below_K;high_demand
0.1,1225,1190,1.9680844175,5,0,0,path_count_below_K;high_demand
0.1,1225,1224,3.6015237475,5,0,0,path_count_below_K;high_demand
0.1,1225,1252,1.6731321575,5,0,0,path_count_below_K;high_overlap;high_demand
0.1,1225,1431,4.3154959175,5,0,0,path_count_below_K;high_demand
0.1,1252,131,0.046654575,5,1,120,path_count_below_K;high_overlap;low_station_diversity;dynamic_enrichment
0.1,1252,1431,2.07326633,5,0,0,path_count_below_K;high_demand
0.1,1252,1432,1.9483329525,5,0,0,path_count_below_K;high_demand
0.1,1252,239,0.000667905,5,1,120,path_count_below_K;low_station_diversity;dynamic_enrichment
0.1,1252,345,0.1771405075,5,1,120,path_count_below_K;high_overlap;low_station_diversity;dynamic_enrichment
0.1,1260,1271,1.4792234625,5,0,0,path_count_below_K;high_demand
0.1,128,134,1.5315004675,5,0,0,path_count_below_K;high_overlap;high_demand
0.1,128,144,1.3535954675,5,0,0,path_count_below_K;high_demand
0.1,1311,1328,1.30219404,5,0,0,path_count_below_K;high_demand
0.1,1321,1338,1.7043178675,5,0,0,path_count_below_K;high_demand
0.1,134,377,1.4161046025,5,0,0,path_count_below_K;high_demand
0.1,1431,1255,1.3049047,5,0,0,path_count_below_K;high_demand
0.1,1431,1430,3.4879156175,5,0,0,path_count_below_K;high_demand
0.1,1431,1435,1.800386345,2,0,0,path_count_below_K;high_demand
0.1,1431,1457,2.3758414125,5,0,0,path_count_below_K;high_demand
0.1,1500,104,0.00055593,5,1,0,path_count_below_K;low_station_diversity
0.1,1500,107,0.000247515,5,1,0,path_count_below_K;low_station_diversity
0.1,1500,1142,4.565e-06,5,1,0,path_count_below_K;low_station_diversity
0.1,1500,1151,1.1345e-05,5,1,0,path_count_below_K;low_station_diversity
0.1,1500,1189,3.57e-06,5,1,0,path_count_below_K;low_station_diversity
0.1,1500,1190,1.04125e-05,5,1,0,path_count_below_K;low_station_diversity
0.1,1500,128,0.0033792775,5,1,0,path_count_below_K;low_station_diversity
0.1,1500,130,0.00136405,5,1,0,path_count_below_K;low_station_diversity
0.1,1500,131,0.00124511,5,1,0,path_count_below_K;low_station_diversity
0.1,1500,134,0.003327765,5,1,0,path_count_below_K;low_station_diversity
0.1,1500,144,0.00461249,5,1,0,path_count_below_K;low_station_diversity
0.1,1500,145,0.003288255,5,1,0,path_count_below_K;low_station_diversity
0.1,1500,151,0.004727325,5,1,0,path_count_below_K;low_station_diversity
0.1,1500,156,0.0091748725,5,1,0,path_count_below_K;low_station_diversity
0.1,1500,160,0.0040919775,5,1,0,path_count_below_K;low_station_diversity
0.1,1500,163,0.01109165,5,1,0,path_count_below_K;low_station_diversity
0.1,1500,168,0.017033105,5,1,0,path_count_below_K;low_station_diversity
0.1,1500,271,2.659e-05,5,1,0,path_count_below_K;low_station_diversity
0.1,1500,276,5.8675e-06,5,1,0,path_count_below_K;low_station_diversity
0.1,1500,278,1.0175e-06,5,1,0,path_count_below_K;low_station_diversity
0.1,1500,279,5.21025e-05,5,1,0,path_count_below_K;low_station_diversity
0.1,1500,288,0.0001518825,5,1,0,path_count_below_K;low_station_diversity
0.1,1500,289,4.633e-05,5,1,0,path_count_below_K;low_station_diversity
0.1,1500,293,1.2715e-05,5,1,0,path_count_below_K;low_station_diversity
0.1,1500,297,8.2975e-05,5,1,0,path_count_below_K;low_station_diversity
0.1,1500,299,9.156e-05,5,1,0,path_count_below_K;low_station_diversity
0.1,1500,310,5.166e-05,5,1,0,path_count_below_K;low_station_diversity
0.1,1500,312,0.0003570725,5,1,0,path_count_below_K;low_station_diversity
0.1,1500,315,0.0001536875,5,1,0,path_count_below_K;low_station_diversity
0.1,1500,317,0.0002718125,5,1,0,path_count_below_K;low_station_diversity
0.1,1500,321,0.00031767,5,1,0,path_count_below_K;low_station_diversity
0.1,1500,324,0.00063819,5,1,0,path_count_below_K;low_station_diversity
0.1,1500,33,0.000126045,5,1,0,path_count_below_K;low_station_diversity
0.1,1500,331,0.0003018975,5,1,0,path_count_below_K;low_station_diversity
0.1,1500,334,0.00060246,5,1,0,path_count_below_K;low_station_diversity
0.1,1500,336,0.000957205,5,1,0,path_count_below_K;low_station_diversity
0.1,1500,34,0.000388115,5,1,0,path_count_below_K;low_station_diversity
0.1,1500,342,0.0016265925,5,1,0,path_count_below_K;low_station_diversity
0.1,1500,345,0.0006952175,5,1,0,path_count_below_K;low_station_diversity
0.1,1500,349,0.0002680925,5,1,0,path_count_below_K;low_station_diversity
0.1,1500,352,0.0007754825,5,1,0,path_count_below_K;low_station_diversity
0.1,1500,355,6.041e-05,5,1,0,path_count_below_K;low_station_diversity
0.1,1500,361,0.0002087825,5,1,0,path_count_below_K;low_station_diversity
0.1,1500,363,0.0007157675,5,1,0,path_count_below_K;low_station_diversity
0.1,1500,365,0.000802485,5,1,0,path_count_below_K;low_station_diversity
0.1,1500,377,0.0019659975,5,1,0,path_count_below_K;low_station_diversity
0.1,1500,39,0.0005239525,5,1,0,path_count_below_K;low_station_diversity
0.1,1500,41,0.0009397,5,1,0,path_count_below_K;low_station_diversity
0.1,1500,46,0.0007933525,5,1,0,path_count_below_K;low_station_diversity
0.1,1500,49,0.0010681625,5,1,0,path_count_below_K;low_station_diversity
0.1,1500,52,0.0019030825,5,1,0,path_count_below_K;low_station_diversity
0.1,1500,528,4.2695e-05,5,1,0,path_count_below_K;low_station_diversity
0.1,1500,531,3.45e-06,5,1,0,path_count_below_K;low_station_diversity
0.1,1500,539,2.527e-05,5,1,0,path_count_below_K;low_station_diversity
0.1,1500,550,3.00425e-05,5,1,0,path_count_below_K;low_station_diversity
0.1,1500,560,7.9075e-05,5,1,0,path_count_below_K;low_station_diversity
0.1,1500,570,4.949e-05,5,1,0,path_count_below_K;low_station_diversity
0.1,1500,578,6.4725e-05,5,1,0,path_count_below_K;low_station_diversity
0.1,1500,580,8.247e-05,5,1,0,path_count_below_K;low_station_diversity
0.1,1500,584,0.0002009575,5,1,0,path_count_below_K;low_station_diversity
0.1,1500,588,0.00010003,5,1,0,path_count_below_K;low_station_diversity
0.1,1500,589,3.39225e-05,5,1,0,path_count_below_K;low_station_diversity
0.1,1500,59,0.000676695,5,1,0,path_count_below_K;low_station_diversity
0.1,1500,592,8.9775e-05,5,1,0,path_count_below_K;low_station_diversity
0.1,1500,598,6.95475e-05,5,1,0,path_count_below_K;low_station_diversity
0.1,1500,601,0.00014298,5,1,0,path_count_below_K;low_station_diversity
0.1,1500,609,5.579e-05,5,1,0,path_count_below_K;low_station_diversity
0.1,1500,610,0.0002390475,5,1,0,path_count_below_K;low_station_diversity
0.1,1500,613,2.36175e-05,5,1,0,path_count_below_K;low_station_diversity
0.1,1500,614,0.00011089,5,1,0,path_count_below_K;low_station_diversity
0.1,1500,622,8.37125e-05,5,1,0,path_count_below_K;low_station_diversity
0.1,1500,627,0.000178355,5,1,0,path_count_below_K;low_station_diversity
0.1,1500,634,0.000119635,5,1,0,path_count_below_K;low_station_diversity
0.1,1500,64,0.0003622675,5,1,0,path_count_below_K;low_station_diversity
0.1,1500,71,0.000271015,5,1,0,path_count_below_K;low_station_diversity
0.1,1500,717,1.5485e-05,5,1,0,path_count_below_K;low_station_diversity
0.1,1500,726,6.86825e-05,5,1,0,path_count_below_K;low_station_diversity
0.1,1500,73,0.00031031,5,1,0,path_count_below_K;low_station_diversity
0.1,1500,735,5.805e-06,5,1,0,path_count_below_K;low_station_diversity
0.1,1500,75,5.78075e-05,5,1,0,path_count_below_K;low_station_diversity
0.1,1500,751,2.47325e-05,5,1,0,path_count_below_K;low_station_diversity
0.1,1500,754,4.64525e-05,5,1,0,path_count_below_K;low_station_diversity
0.1,1500,77,3.0175e-05,5,1,0,path_count_below_K;low_station_diversity
0.1,1500,82,4.9175e-05,5,1,0,path_count_below_K;low_station_diversity
0.1,1500,83,9.95e-06,5,1,0,path_count_below_K;low_station_diversity
0.1,1500,85,0.0006903225,5,1,0,path_count_below_K;low_station_diversity
0.1,1500,94,0.0007274,5,1,0,path_count_below_K;low_station_diversity
0.1,1513,104,0.0002525675,5,1,0,path_count_below_K;low_station_diversity
0.1,1513,107,0.0001308625,5,1,0,path_count_below_K;low_station_diversity
0.1,1513,1134,1.33375e-05,5,1,0,path_count_below_K;low_station_diversity
0.1,1513,1142,3.7225e-06,5,1,0,path_count_below_K;low_station_diversity
0.1,1513,1151,1.32125e-05,5,1,0,path_count_below_K;low_station_diversity
0.1,1513,1189,1.38275e-05,5,1,0,path_count_below_K;low_station_diversity
0.1,1513,1190,1.4855e-05,5,1,0,path_count_below_K;low_station_diversity
0.1,1513,128,0.0014566,5,1,0,path_count_below_K;low_station_diversity
0.1,1513,130,0.000567915,5,1,0,path_count_below_K;low_station_diversity
0.1,1513,131,0.000545475,5,1,0,path_count_below_K;low_station_diversity
0.1,1513,134,0.001860645,5,1,0,path_count_below_K;low_station_diversity
0.1,1513,144,0.00261051,5,1,0,path_count_below_K;low_station_diversity
0.1,1513,145,0.00186207,5,1,0,path_count_below_K;low_station_diversity
0.1,1513,151,0.0020859625,5,1,0,path_count_below_K;high_overlap;low_station_diversity
0.1,1513,156,0.0034172375,5,1,0,path_count_below_K;high_overlap;low_station_diversity
0.1,1513,160,0.0024048275,5,1,0,path_count_below_K;low_station_diversity
0.1,1513,163,0.004058245,5,1,0,path_count_below_K;high_overlap;low_station_diversity
0.1,1513,1657,0.00198795,5,1,0,path_count_below_K;low_station_diversity
0.1,1513,1659,0.002471835,5,1,0,path_count_below_K;high_overlap;low_station_diversity
0.1,1513,1661,0.00607945,5,1,0,path_count_below_K;low_station_diversity
0.1,1513,1665,0.0036524025,5,1,0,path_count_below_K;low_station_diversity
0.1,1513,1672,0.0045815075,5,1,0,path_count_below_K;low_station_diversity
0.1,1513,1679,0.0060118725,5,1,0,path_count_below_K;low_station_diversity
0.1,1513,168,0.00728125,5,1,0,path_count_below_K;low_station_diversity
0.1,1513,271,8.67e-06,5,1,0,path_count_below_K;low_station_diversity
0.1,1513,276,1.595e-06,5,1,0,path_count_below_K;low_station_diversity
0.1,1513,278,3.9e-07,5,1,0,path_count_below_K;low_station_diversity
0.1,1513,279,1.8875e-05,5,1,0,path_count_below_K;low_station_diversity
0.1,1513,288,6.19e-05,5,1,0,path_count_below_K;low_station_diversity
0.1,1513,289,2.12425e-05,5,1,0,path_count_below_K;low_station_diversity
0.1,1513,293,4.8375e-06,5,1,0,path_count_below_K;low_station_diversity
0.1,1513,297,3.548e-05,5,1,0,path_count_below_K;low_station_diversity
0.1,1513,299,0.000111945,5,1,0,path_count_below_K;low_station_diversity
0.1,1513,310,3.3335e-05,5,1,0,path_count_below_K;low_station_diversity
0.1,1513,312,0.0001058375,5,1,0,path_count_below_K;low_station_diversity
0.1,1513,315,0.0001288,5,1,0,path_count_below_K;low_station_diversity
0.1,1513,317,0.0001216375,5,1,0,path_count_below_K;low_station_diversity
0.1,1513,321,0.00018094,5,1,0,path_count_below_K;low_station_diversity
0.1,1513,324,0.0002783475,5,1,0,path_count_below_K;low_station_diversity
0.1,1513,33,0.0002619875,5,1,0,path_count_below_K;low_station_diversity
0.1,1513,331,0.0002522275,5,1,0,path_count_below_K;low_station_diversity
0.1,1513,334,0.0002937625,5,1,0,path_count_below_K;low_station_diversity
0.1,1513,336,0.0004341525,5,1,0,path_count_below_K;low_station_diversity
0.1,1513,34,0.0003545925,5,1,0,path_count_below_K;low_station_diversity
0.1,1513,342,0.0005557375,5,1,0,path_count_below_K;low_station_diversity
0.1,1513,345,0.00075556,5,1,0,path_count_below_K;low_station_diversity
0.1,1513,349,0.0001311125,5,1,0,path_count_below_K;low_station_diversity
0.1,1513,352,0.0004100075,5,1,0,path_count_below_K;low_station_diversity
0.1,1513,355,1.485e-05,5,1,0,path_count_below_K;low_station_diversity
0.1,1513,361,0.00010511,5,1,0,path_count_below_K;low_station_diversity
0.1,1513,363,0.0003287525,5,1,0,path_count_below_K;low_station_diversity
0.1,1513,365,0.000422195,5,1,0,path_count_below_K;low_station_diversity
0.1,1513,377,0.001294615,5,1,0,path_count_below_K;low_station_diversity
0.1,1513,39,0.000320305,5,1,0,path_count_below_K;low_station_diversity
0.1,1513,4,0.01085671,5,1,0,path_count_below_K;low_station_diversity
0.1,1513,41,0.000369535,5,1,0,path_count_below_K;low_station_diversity
0.1,1513,46,0.000337215,5,1,0,path_count_below_K;low_station_diversity
0.1,1513,49,0.0007397325,5,1,0,path_count_below_K;low_station_diversity
0.1,1513,52,0.00081992,5,1,0,path_count_below_K;low_station_diversity
0.1,1513,528,2.47475e-05,5,1,0,path_count_below_K;low_station_diversity
0.1,1513,531,1.4075e-06,5,1,0,path_count_below_K;low_station_diversity
0.1,1513,539,6.59e-06,5,1,0,path_count_below_K;low_station_diversity
0.1,1513,550,0.000122435,5,1,0,path_count_below_K;low_station_diversity
0.1,1513,560,0.00011073,5,1,0,path_count_below_K;low_station_diversity
0.1,1513,570,2.555e-05,5,1,0,path_count_below_K;low_station_diversity
0.1,1513,578,3.7985e-05,5,1,0,path_count_below_K;low_station_diversity
0.1,1513,580,5.307e-05,5,1,0,path_count_below_K;low_station_diversity
0.1,1513,584,0.00015876,5,1,0,path_count_below_K;low_station_diversity
0.1,1513,588,4.07675e-05,5,1,0,path_count_below_K;low_station_diversity
0.1,1513,589,1.613e-05,5,1,0,path_count_below_K;low_station_diversity
0.1,1513,59,0.0005662425,5,1,0,path_count_below_K;low_station_diversity
0.1,1513,592,4.98925e-05,5,1,0,path_count_below_K;low_station_diversity
0.1,1513,598,3.668e-05,5,1,0,path_count_below_K;low_station_diversity
0.1,1513,601,5.9765e-05,5,1,0,path_count_below_K;low_station_diversity
0.1,1513,609,0.000157645,5,1,0,path_count_below_K;low_station_diversity
0.1,1513,610,0.00010825,5,1,0,path_count_below_K;low_station_diversity
0.1,1513,613,1.44375e-05,5,1,0,path_count_below_K;low_station_diversity
0.1,1513,614,7.39525e-05,5,1,0,path_count_below_K;low_station_diversity
0.1,1513,622,4.6685e-05,5,1,0,path_count_below_K;low_station_diversity
0.1,1513,627,0.0001107625,5,1,0,path_count_below_K;low_station_diversity
0.1,1513,634,0.0001950275,5,1,0,path_count_below_K;low_station_diversity
0.1,1513,64,0.000189825,5,1,0,path_count_below_K;low_station_diversity
0.1,1513,71,0.00012886,5,1,0,path_count_below_K;low_station_diversity
0.1,1513,717,9.015e-06,5,1,0,path_count_below_K;low_station_diversity
0.1,1513,726,1.5995e-05,5,1,0,path_count_below_K;low_station_diversity
0.1,1513,73,3.6715e-05,5,1,0,path_count_below_K;low_station_diversity
0.1,1513,735,4.7325e-06,5,1,0,path_count_below_K;low_station_diversity
0.1,1513,75,2.37475e-05,5,1,0,path_count_below_K;low_station_diversity
0.1,1513,751,1.7135e-05,5,1,0,path_count_below_K;low_station_diversity
0.1,1513,754,3.06525e-05,5,1,0,path_count_below_K;low_station_diversity
0.1,1513,77,1.099e-05,5,1,0,path_count_below_K;low_station_diversity
0.1,1513,82,1.6575e-05,5,1,0,path_count_below_K;low_station_diversity
0.1,1513,83,1.30175e-05,5,1,0,path_count_below_K;low_station_diversity
0.1,1513,85,0.0003886125,5,1,0,path_count_below_K;low_station_diversity
0.1,1513,94,0.0004224425,5,1,0,path_count_below_K;low_station_diversity
0.1,1569,1501,0.0447833125,5,1,80,path_count_below_K;high_overlap;low_station_diversity;dynamic_enrichment
0.1,1569,1513,0.0130564025,5,1,0,path_count_below_K;low_station_diversity
0.1,1721,1723,1.4158934375,5,0,0,path_count_below_K;high_demand
0.1,310,317,1.492142015,5,0,0,path_count_below_K;high_demand
0.1,310,336,1.70655425,5,0,0,path_count_below_K;high_demand
0.1,324,41,1.3502323075,5,0,0,path_count_below_K;high_demand
0.1,336,334,1.3584444025,5,0,0,path_count_below_K;high_demand
0.1,342,336,1.4448193625,5,0,0,path_count_below_K;high_demand
0.1,361,375,2.0338693275,5,0,0,path_count_below_K;high_demand
0.1,361,379,1.688774495,5,0,0,path_count_below_K;high_demand
0.1,41,324,1.56475915,5,0,0,path_count_below_K;high_demand
0.1,41,39,1.436061015,5,0,0,path_count_below_K;high_demand
0.1,46,52,1.6169454825,5,0,0,path_count_below_K;high_demand
0.1,503,1709,1.4642952125,5,0,0,path_count_below_K;high_demand
0.1,52,104,1.89268139,5,0,0,path_count_below_K;high_overlap;high_demand
0.1,52,130,1.6837725325,5,0,0,path_count_below_K;high_demand
0.1,52,342,2.520712795,5,0,0,path_count_below_K;high_demand
0.1,52,345,1.3343297775,5,0,0,path_count_below_K;high_demand
0.1,52,46,2.237328765,5,0,0,path_count_below_K;high_demand
0.1,528,1142,3.2939786475,5,0,0,path_count_below_K;high_overlap;high_demand
0.1,528,1151,2.8084736475,5,0,0,path_count_below_K;high_demand
0.1,528,539,1.3323985675,5,0,0,path_count_below_K;high_demand
0.1,528,550,2.9422736475,5,0,0,path_count_below_K;high_demand
0.1,528,570,1.4570721725,5,0,0,path_count_below_K;high_demand
0.1,539,550,1.481537005,5,0,0,path_count_below_K;high_demand
0.1,539,560,1.39404085,5,0,0,path_count_below_K;high_demand
0.1,560,754,1.6901995625,5,0,0,path_count_below_K;high_demand
0.1,578,560,1.91124302,5,0,0,path_count_below_K;high_demand
0.1,578,584,2.869912425,5,0,0,path_count_below_K;high_demand
0.1,726,1190,1.8089429425,5,0,0,path_count_below_K;high_demand
0.1,726,754,1.7046849875,5,0,0,path_count_below_K;high_demand
0.1,726,777,1.6116245725,5,0,0,path_count_below_K;high_demand
0.1,726,784,1.4902747425,5,0,0,path_count_below_K;high_demand
0.1,751,754,1.591986945,5,0,0,path_count_below_K;high_demand
0.1,770,584,1.605665385,5,0,0,path_count_below_K;high_demand
0.1,777,726,1.36146414,5,0,0,path_count_below_K;high_demand
0.1,784,1252,1.4140075975,5,0,0,path_count_below_K;high_demand
0.1,784,726,1.359982825,5,0,0,path_count_below_K;high_demand
0.1,784,777,1.333082345,5,0,0,path_count_below_K;high_demand
0.1,797,1521,0.0047111525,5,1,0,path_count_below_K;high_overlap;low_station_diversity
0.1,797,428,0.004690855,5,1,180,path_count_below_K;high_overlap;low_station_diversity;dynamic_enrichment
0.1,797,484,0.0039102175,5,1,0,path_count_below_K;high_overlap;low_station_diversity
0.1,797,642,0.013607195,5,1,0,path_count_below_K;high_overlap;low_station_diversity
0.1,797,643,0.01508661,5,1,0,path_count_below_K;low_station_diversity
0.1,797,654,0.0071664825,5,1,0,path_count_below_K;low_station_diversity
0.1,797,656,0.0190291,5,1,0,path_count_below_K;low_station_diversity
0.1,797,667,0.02143331,5,1,0,path_count_below_K;low_station_diversity
0.1,797,670,0.0041603275,5,1,0,path_count_below_K;high_overlap;low_station_diversity
0.1,797,681,0.0068801825,5,1,0,path_count_below_K;low_station_diversity
0.1,797,692,0.0052208875,5,1,160,path_count_below_K;high_overlap;low_station_diversity;dynamic_enrichment
0.1,797,693,0.0080653775,5,1,0,path_count_below_K;high_overlap;low_station_diversity
0.1,797,707,0.00678859,5,1,0,path_count_below_K;high_overlap;low_station_diversity
0.1,807,1521,0.0533092225,5,1,0,path_count_below_K;high_overlap;low_station_diversity
0.1,807,656,0.041024335,5,1,100,path_count_below_K;high_overlap;low_station_diversity;dynamic_enrichment
0.1,807,667,0.0627315175,5,1,0,path_count_below_K;high_overlap;low_station_diversity
0.1,807,681,0.0195732025,5,1,0,path_count_below_K;high_overlap;low_station_diversity
0.1,807,693,0.029968245,5,1,0,path_count_below_K;high_overlap;low_station_diversity
0.1,807,820,1.55008668,5,0,0,path_count_below_K;high_demand
0.1,811,560,1.42103316,5,0,0,path_count_below_K;high_demand
0.1,811,751,1.4404120525,5,0,0,path_count_below_K;high_demand
0.1,811,754,1.8427704475,5,0,0,path_count_below_K;high_demand
0.1,811,796,1.4213797675,5,0,0,path_count_below_K;high_demand
0.1,811,797,1.8384260925,5,0,0,path_count_below_K;high_demand
0.1,811,820,2.4495230925,5,0,0,path_count_below_K;high_demand
0.1,834,1521,0.0014524275,5,1,0,path_count_below_K;high_overlap;low_station_diversity
0.1,834,428,0.0089802425,5,1,140,path_count_below_K;high_overlap;low_station_diversity;dynamic_enrichment
0.1,834,447,0.0177256425,5,1,0,path_count_below_K;high_overlap;low_station_diversity
0.1,834,484,0.0005625675,5,1,0,path_count_below_K;high_overlap;low_station_diversity
0.1,834,630,0.003910185,5,1,0,path_count_below_K;high_overlap;low_station_diversity
0.1,834,642,0.006546395,5,1,0,path_count_below_K;high_overlap;low_station_diversity
0.1,834,643,0.0042559375,5,1,0,path_count_below_K;low_station_diversity
0.1,834,654,0.00309315,5,1,0,path_count_below_K;low_station_diversity
0.1,834,656,0.0182849025,5,1,0,path_count_below_K;low_station_diversity
0.1,834,667,0.0085494175,5,1,0,path_count_below_K;low_station_diversity
0.1,834,670,0.00173773,5,1,0,path_count_below_K;high_overlap;low_station_diversity
0.1,834,681,0.00212113,5,1,0,path_count_below_K;low_station_diversity
0.1,834,693,0.00316466,5,1,0,path_count_below_K;high_overlap;low_station_diversity
0.1,834,707,0.003184835,5,1,0,path_count_below_K;high_overlap;low_station_diversity
0.1,912,1013,1.35165807,5,0,0,path_count_below_K;high_demand
0.1,912,375,3.1686005425,5,0,0,path_count_below_K;high_demand
0.1,912,429,1.933870275,5,0,0,path_count_below_K;high_demand
0.1,912,642,1.43342865,5,0,0,path_count_below_K;high_demand
0.1,912,899,2.4558376425,5,0,80,path_count_below_K;high_demand;dynamic_enrichment
0.1,912,937,1.708432605,5,0,0,path_count_below_K;high_demand
0.1,926,1022,1.30617676,5,0,0,path_count_below_K;high_demand
0.1,926,1029,1.45582907,5,0,0,path_count_below_K;high_demand
0.1,926,934,1.30934894,5,0,0,path_count_below_K;high_demand
0.2,1004,902,1.376936185,5,0,0,path_count_below_K;high_demand
0.2,1022,1013,1.3955909475,5,0,0,path_count_below_K;high_demand
0.2,1022,1059,1.9356608425,5,0,0,path_count_below_K;high_demand
0.2,1022,1569,1.62402705,5,0,0,path_count_below_K;high_demand
0.2,1071,1029,1.6470875575,5,0,0,path_count_below_K;high_demand
0.2,1071,1059,2.785935815,5,0,0,path_count_below_K;high_demand
0.2,1071,1328,2.012463055,5,0,0,path_count_below_K;high_demand
0.2,1071,1564,3.647193135,5,0,0,path_count_below_K;high_demand
0.2,1071,1571,1.7225693125,5,0,0,path_count_below_K;high_demand
0.2,1071,1585,1.773357335,5,0,0,path_count_below_K;high_demand
0.2,1071,1632,1.327636265,5,0,0,path_count_below_K;high_overlap;high_demand
0.2,1071,1633,2.4016242875,5,0,0,path_count_below_K;high_demand
0.2,1134,1142,1.4706574025,5,0,0,path_count_below_K;high_demand
0.2,1134,528,1.4152926625,5,0,0,path_count_below_K;high_demand
0.2,1142,528,1.3549478225,5,0,0,path_count_below_K;high_demand
0.2,1151,528,2.018167845,5,0,0,path_count_below_K;high_demand
0.2,1190,1252,1.31721389,5,0,0,path_count_below_K;high_demand
0.2,1190,717,1.956157955,5,0,0,path_count_below_K;high_demand
0.2,1190,726,2.3707883625,5,0,0,path_count_below_K;high_demand
0.2,1190,754,1.338421255,5,0,0,path_count_below_K;high_demand
0.2,1190,777,1.4287498325,5,0,0,path_count_below_K;high_demand
0.2,1224,1190,1.34746937,5,0,0,path_count_below_K;high_demand
0.2,1224,1225,1.999273995,5,0,0,path_count_below_K;high_demand
0.2,1224,1252,2.7619070375,5,0,0,path_count_below_K;high_demand
0.2,1224,1431,1.369259715,5,0,0,path_count_below_K;high_demand
0.2,1224,726,1.288000025,5,0,0,path_count_below_K;high_demand
0.2,1224,777,1.32162115,5,0,0,path_count_below_K;high_demand
0.2,1225,1190,1.9680844175,5,0,0,path_count_below_K;high_demand
0.2,1225,1224,3.6015237475,5,0,0,path_count_below_K;high_demand
0.2,1225,1252,1.6731321575,5,0,0,path_count_below_K;high_overlap;high_demand
0.2,1225,1431,4.3154959175,5,0,0,path_count_below_K;high_demand
0.2,1252,1431,2.07326633,5,0,0,path_count_below_K;high_demand
0.2,1252,1432,1.9483329525,5,0,0,path_count_below_K;high_demand
0.2,1260,1271,1.4792234625,5,0,0,path_count_below_K;high_demand
0.2,128,134,1.5315004675,5,0,0,path_count_below_K;high_overlap;high_demand
0.2,128,144,1.3535954675,5,0,0,path_count_below_K;high_demand
0.2,1311,1328,1.30219404,5,0,0,path_count_below_K;high_demand
0.2,1321,1338,1.7043178675,5,0,0,path_count_below_K;high_demand
0.2,134,377,1.4161046025,5,0,0,path_count_below_K;high_demand
0.2,1431,1255,1.3049047,5,0,0,path_count_below_K;high_demand
0.2,1431,1430,3.4879156175,5,0,0,path_count_below_K;high_demand
0.2,1431,1435,1.800386345,2,0,0,path_count_below_K;high_demand
0.2,1431,1457,2.3758414125,5,0,0,path_count_below_K;high_demand
0.2,1721,1723,1.4158934375,5,0,0,path_count_below_K;high_demand
0.2,310,317,1.492142015,5,0,0,path_count_below_K;high_demand
0.2,310,336,1.70655425,5,0,0,path_count_below_K;high_demand
0.2,324,41,1.3502323075,5,0,0,path_count_below_K;high_demand
0.2,336,334,1.3584444025,5,0,0,path_count_below_K;high_demand
0.2,342,336,1.4448193625,5,0,0,path_count_below_K;high_demand
0.2,361,375,2.0338693275,5,0,0,path_count_below_K;high_demand
0.2,361,379,1.688774495,5,0,0,path_count_below_K;high_demand
0.2,41,324,1.56475915,5,0,0,path_count_below_K;high_demand
0.2,41,39,1.436061015,5,0,0,path_count_below_K;high_demand
0.2,46,52,1.6169454825,5,0,0,path_count_below_K;high_demand
0.2,52,104,1.89268139,5,0,0,path_count_below_K;high_overlap;high_demand
0.2,52,130,1.6837725325,5,0,0,path_count_below_K;high_demand
0.2,52,342,2.520712795,5,0,0,path_count_below_K;high_demand
0.2,52,345,1.3343297775,5,0,0,path_count_below_K;high_demand
0.2,52,46,2.237328765,5,0,0,path_count_below_K;high_demand
0.2,528,1142,3.2939786475,5,0,0,path_count_below_K;high_overlap;high_demand
0.2,528,1151,2.8084736475,5,0,0,path_count_below_K;high_demand
0.2,528,539,1.3323985675,5,0,0,path_count_below_K;high_demand
0.2,528,550,2.9422736475,5,0,0,path_count_below_K;high_demand
0.2,528,570,1.4570721725,5,0,0,path_count_below_K;high_demand
0.2,539,550,1.481537005,5,0,0,path_count_below_K;high_demand
0.2,539,560,1.39404085,5,0,0,path_count_below_K;high_demand
0.2,560,754,1.6901995625,5,0,0,path_count_below_K;high_demand
0.2,578,560,1.91124302,5,0,0,path_count_below_K;high_demand
0.2,578,584,2.869912425,5,0,0,path_count_below_K;high_demand
0.2,726,1190,1.8089429425,5,0,0,path_count_below_K;high_demand
0.2,726,754,1.7046849875,5,0,0,path_count_below_K;high_demand
0.2,726,777,1.6116245725,5,0,0,path_count_below_K;high_demand
0.2,726,784,1.4902747425,5,0,0,path_count_below_K;high_demand
0.2,751,754,1.591986945,5,0,0,path_count_below_K;high_demand
0.2,770,584,1.605665385,5,0,0,path_count_below_K;high_demand
0.2,777,726,1.36146414,5,0,0,path_count_below_K;high_demand
0.2,784,1252,1.4140075975,5,0,0,path_count_below_K;high_demand
0.2,784,726,1.359982825,5,0,0,path_count_below_K;high_demand
0.2,784,777,1.333082345,5,0,0,path_count_below_K;high_demand
0.2,807,820,1.55008668,5,0,0,path_count_below_K;high_demand
0.2,811,560,1.42103316,5,0,0,path_count_below_K;high_demand
0.2,811,751,1.4404120525,5,0,0,path_count_below_K;high_demand
0.2,811,754,1.8427704475,5,0,0,path_count_below_K;high_demand
0.2,811,796,1.4213797675,5,0,0,path_count_below_K;high_demand
0.2,811,797,1.8384260925,5,0,0,path_count_below_K;high_demand
0.2,811,820,2.4495230925,5,0,0,path_count_below_K;high_demand
0.2,912,1013,1.35165807,5,0,0,path_count_below_K;high_demand
0.2,912,375,3.1686005425,5,0,0,path_count_below_K;high_demand
0.2,912,429,1.933870275,5,0,0,path_count_below_K;high_demand
0.2,912,642,1.43342865,5,0,0,path_count_below_K;high_demand
0.2,912,899,2.4558376425,5,0,80,path_count_below_K;high_demand;dynamic_enrichment
0.2,912,937,1.708432605,5,0,0,path_count_below_K;high_demand
0.2,926,1022,1.30617676,5,0,0,path_count_below_K;high_demand
0.2,926,1029,1.45582907,5,0,0,path_count_below_K;high_demand
0.2,926,934,1.30934894,5,0,0,path_count_below_K;high_demand
0.3,1004,902,1.376936185,5,0,0,path_count_below_K;high_demand
0.3,1022,1013,1.3955909475,5,0,0,path_count_below_K;high_demand
0.3,1022,1059,1.9356608425,5,0,0,path_count_below_K;high_demand
0.3,1022,1569,1.62402705,5,0,0,path_count_below_K;high_demand
0.3,1071,1029,1.6470875575,5,0,0,path_count_below_K;high_demand
0.3,1071,1059,2.785935815,5,0,0,path_count_below_K;high_demand
0.3,1071,1328,2.012463055,5,0,0,path_count_below_K;high_demand
0.3,1071,1564,3.647193135,5,0,0,path_count_below_K;high_demand
0.3,1071,1571,1.7225693125,5,0,0,path_count_below_K;high_demand
0.3,1071,1585,1.773357335,5,0,0,path_count_below_K;high_demand
0.3,1071,1632,1.327636265,5,0,0,path_count_below_K;high_overlap;high_demand
0.3,1071,1633,2.4016242875,5,0,0,path_count_below_K;high_demand
0.3,1134,1142,1.4706574025,5,0,0,path_count_below_K;high_demand
0.3,1134,528,1.4152926625,5,0,0,path_count_below_K;high_demand
0.3,1142,528,1.3549478225,5,0,0,path_count_below_K;high_demand
0.3,1151,528,2.018167845,5,0,0,path_count_below_K;high_demand
0.3,1190,1252,1.31721389,5,0,0,path_count_below_K;high_demand
0.3,1190,717,1.956157955,5,0,0,path_count_below_K;high_demand
0.3,1190,726,2.3707883625,5,0,0,path_count_below_K;high_demand
0.3,1190,754,1.338421255,5,0,0,path_count_below_K;high_demand
0.3,1190,777,1.4287498325,5,0,0,path_count_below_K;high_demand
0.3,1224,1190,1.34746937,5,0,0,path_count_below_K;high_demand
0.3,1224,1225,1.999273995,5,0,0,path_count_below_K;high_demand
0.3,1224,1252,2.7619070375,5,0,0,path_count_below_K;high_demand
0.3,1224,1431,1.369259715,5,0,0,path_count_below_K;high_demand
0.3,1224,726,1.288000025,5,0,0,path_count_below_K;high_demand
0.3,1224,777,1.32162115,5,0,0,path_count_below_K;high_demand
0.3,1225,1190,1.9680844175,5,0,0,path_count_below_K;high_demand
0.3,1225,1224,3.6015237475,5,0,0,path_count_below_K;high_demand
0.3,1225,1252,1.6731321575,5,0,0,path_count_below_K;high_overlap;high_demand
0.3,1225,1431,4.3154959175,5,0,0,path_count_below_K;high_demand
0.3,1252,1431,2.07326633,5,0,0,path_count_below_K;high_demand
0.3,1252,1432,1.9483329525,5,0,0,path_count_below_K;high_demand
0.3,1260,1271,1.4792234625,5,0,0,path_count_below_K;high_demand
0.3,128,134,1.5315004675,5,0,0,path_count_below_K;high_overlap;high_demand
0.3,128,144,1.3535954675,5,0,0,path_count_below_K;high_demand
0.3,1311,1328,1.30219404,5,0,0,path_count_below_K;high_demand
0.3,1321,1338,1.7043178675,5,0,0,path_count_below_K;high_demand
0.3,134,377,1.4161046025,5,0,0,path_count_below_K;high_demand
0.3,1431,1255,1.3049047,5,0,0,path_count_below_K;high_demand
0.3,1431,1430,3.4879156175,5,0,0,path_count_below_K;high_demand
0.3,1431,1435,1.800386345,2,0,0,path_count_below_K;high_demand
0.3,1431,1457,2.3758414125,5,0,0,path_count_below_K;high_demand
0.3,1721,1723,1.4158934375,5,0,0,path_count_below_K;high_demand
0.3,310,317,1.492142015,5,0,0,path_count_below_K;high_demand
0.3,310,336,1.70655425,5,0,0,path_count_below_K;high_demand
0.3,324,41,1.3502323075,5,0,0,path_count_below_K;high_demand
0.3,336,334,1.3584444025,5,0,0,path_count_below_K;high_demand
0.3,342,336,1.4448193625,5,0,0,path_count_below_K;high_demand
0.3,361,375,2.0338693275,5,0,0,path_count_below_K;high_demand
0.3,361,379,1.688774495,5,0,0,path_count_below_K;high_demand
0.3,41,324,1.56475915,5,0,0,path_count_below_K;high_demand
0.3,41,39,1.436061015,5,0,0,path_count_below_K;high_demand
0.3,46,52,1.6169454825,5,0,0,path_count_below_K;high_demand
0.3,52,104,1.89268139,5,0,0,path_count_below_K;high_overlap;high_demand
0.3,52,130,1.6837725325,5,0,0,path_count_below_K;high_demand
0.3,52,342,2.520712795,5,0,0,path_count_below_K;high_demand
0.3,52,345,1.3343297775,5,0,0,path_count_below_K;high_demand
0.3,52,46,2.237328765,5,0,0,path_count_below_K;high_demand
0.3,528,1142,3.2939786475,5,0,0,path_count_below_K;high_overlap;high_demand
0.3,528,1151,2.8084736475,5,0,0,path_count_below_K;high_demand
0.3,528,539,1.3323985675,5,0,0,path_count_below_K;high_demand
0.3,528,550,2.9422736475,5,0,0,path_count_below_K;high_demand
0.3,528,570,1.4570721725,5,0,0,path_count_below_K;high_demand
0.3,539,550,1.481537005,5,0,0,path_count_below_K;high_demand
0.3,539,560,1.39404085,5,0,0,path_count_below_K;high_demand
0.3,560,754,1.6901995625,5,0,0,path_count_below_K;high_demand
0.3,578,560,1.91124302,5,0,0,path_count_below_K;high_demand
0.3,578,584,2.869912425,5,0,0,path_count_below_K;high_demand
0.3,726,1190,1.8089429425,5,0,0,path_count_below_K;high_demand
0.3,726,754,1.7046849875,5,0,0,path_count_below_K;high_demand
0.3,726,777,1.6116245725,5,0,0,path_count_below_K;high_demand
0.3,726,784,1.4902747425,5,0,0,path_count_below_K;high_demand
0.3,751,754,1.591986945,5,0,0,path_count_below_K;high_demand
0.3,770,584,1.605665385,5,0,0,path_count_below_K;high_demand
0.3,777,726,1.36146414,5,0,0,path_count_below_K;high_demand
0.3,784,1252,1.4140075975,5,0,0,path_count_below_K;high_demand
0.3,784,726,1.359982825,5,0,0,path_count_below_K;high_demand
0.3,784,777,1.333082345,5,0,0,path_count_below_K;high_demand
0.3,807,820,1.55008668,5,0,0,path_count_below_K;high_demand
0.3,811,560,1.42103316,5,0,0,path_count_below_K;high_demand
0.3,811,751,1.4404120525,5,0,0,path_count_below_K;high_demand
0.3,811,754,1.8427704475,5,0,0,path_count_below_K;high_demand
0.3,811,796,1.4213797675,5,0,0,path_count_below_K;high_demand
0.3,811,797,1.8384260925,5,0,0,path_count_below_K;high_demand
0.3,811,820,2.4495230925,5,0,0,path_count_below_K;high_demand
0.3,912,1013,1.35165807,5,0,0,path_count_below_K;high_demand
0.3,912,375,3.1686005425,5,0,0,path_count_below_K;high_demand
0.3,912,429,1.933870275,5,0,0,path_count_below_K;high_demand
0.3,912,642,1.43342865,5,0,0,path_count_below_K;high_demand
0.3,912,937,1.708432605,5,0,0,path_count_below_K;high_demand
0.3,926,1022,1.30617676,5,0,0,path_count_below_K;high_demand
0.3,926,1029,1.45582907,5,0,0,path_count_below_K;high_demand
0.3,926,934,1.30934894,5,0,0,path_count_below_K;high_demand
0.4,1004,902,1.376936185,5,0,0,path_count_below_K;high_demand
0.4,1022,1013,1.3955909475,5,0,0,path_count_below_K;high_demand
0.4,1022,1059,1.9356608425,5,0,0,path_count_below_K;high_demand
0.4,1022,1569,1.62402705,5,0,0,path_count_below_K;high_demand
0.4,1071,1029,1.6470875575,5,0,0,path_count_below_K;high_demand
0.4,1071,1059,2.785935815,5,0,0,path_count_below_K;high_demand
0.4,1071,1328,2.012463055,5,0,0,path_count_below_K;high_demand
0.4,1071,1564,3.647193135,5,0,0,path_count_below_K;high_demand
0.4,1071,1571,1.7225693125,5,0,0,path_count_below_K;high_demand
0.4,1071,1585,1.773357335,5,0,0,path_count_below_K;high_demand
0.4,1071,1632,1.327636265,5,0,0,path_count_below_K;high_overlap;high_demand
0.4,1071,1633,2.4016242875,5,0,0,path_count_below_K;high_demand
0.4,1134,1142,1.4706574025,5,0,0,path_count_below_K;high_demand
0.4,1134,528,1.4152926625,5,0,0,path_count_below_K;high_demand
0.4,1142,528,1.3549478225,5,0,0,path_count_below_K;high_demand
0.4,1151,528,2.018167845,5,0,0,path_count_below_K;high_demand
0.4,1190,1252,1.31721389,5,0,0,path_count_below_K;high_demand
0.4,1190,717,1.956157955,5,0,0,path_count_below_K;high_demand
0.4,1190,726,2.3707883625,5,0,0,path_count_below_K;high_demand
0.4,1190,754,1.338421255,5,0,0,path_count_below_K;high_demand
0.4,1190,777,1.4287498325,5,0,0,path_count_below_K;high_demand
0.4,1224,1190,1.34746937,5,0,0,path_count_below_K;high_demand
0.4,1224,1225,1.999273995,5,0,0,path_count_below_K;high_demand
0.4,1224,1252,2.7619070375,5,0,0,path_count_below_K;high_demand
0.4,1224,1431,1.369259715,5,0,0,path_count_below_K;high_demand
0.4,1224,726,1.288000025,5,0,0,path_count_below_K;high_demand
0.4,1224,777,1.32162115,5,0,0,path_count_below_K;high_demand
0.4,1225,1190,1.9680844175,5,0,0,path_count_below_K;high_demand
0.4,1225,1224,3.6015237475,5,0,0,path_count_below_K;high_demand
0.4,1225,1252,1.6731321575,5,0,0,path_count_below_K;high_overlap;high_demand
0.4,1225,1431,4.3154959175,5,0,0,path_count_below_K;high_demand
0.4,1252,1431,2.07326633,5,0,0,path_count_below_K;high_demand
0.4,1252,1432,1.9483329525,5,0,0,path_count_below_K;high_demand
0.4,1260,1271,1.4792234625,5,0,0,path_count_below_K;high_demand
0.4,128,134,1.5315004675,5,0,0,path_count_below_K;high_overlap;high_demand
0.4,128,144,1.3535954675,5,0,0,path_count_below_K;high_demand
0.4,1311,1328,1.30219404,5,0,0,path_count_below_K;high_demand
0.4,1321,1338,1.7043178675,5,0,0,path_count_below_K;high_demand
0.4,134,377,1.4161046025,5,0,0,path_count_below_K;high_demand
0.4,1431,1255,1.3049047,5,0,0,path_count_below_K;high_demand
0.4,1431,1430,3.4879156175,5,0,0,path_count_below_K;high_demand
0.4,1431,1435,1.800386345,2,0,0,path_count_below_K;high_demand
0.4,1431,1457,2.3758414125,5,0,0,path_count_below_K;high_demand
0.4,1721,1723,1.4158934375,5,0,0,path_count_below_K;high_demand
0.4,310,317,1.492142015,5,0,0,path_count_below_K;high_demand
0.4,310,336,1.70655425,5,0,0,path_count_below_K;high_demand
0.4,324,41,1.3502323075,5,0,0,path_count_below_K;high_demand
0.4,336,334,1.3584444025,5,0,0,path_count_below_K;high_demand
0.4,342,336,1.4448193625,5,0,0,path_count_below_K;high_demand
0.4,361,375,2.0338693275,5,0,0,path_count_below_K;high_demand
0.4,361,379,1.688774495,5,0,0,path_count_below_K;high_demand
0.4,41,324,1.56475915,5,0,0,path_count_below_K;high_demand
0.4,41,39,1.436061015,5,0,0,path_count_below_K;high_demand
0.4,46,52,1.6169454825,5,0,0,path_count_below_K;high_demand
0.4,52,104,1.89268139,5,0,0,path_count_below_K;high_overlap;high_demand
0.4,52,130,1.6837725325,5,0,0,path_count_below_K;high_demand
0.4,52,342,2.520712795,5,0,0,path_count_below_K;high_demand
0.4,52,345,1.3343297775,5,0,0,path_count_below_K;high_demand
0.4,52,46,2.237328765,5,0,0,path_count_below_K;high_demand
0.4,528,1142,3.2939786475,5,0,0,path_count_below_K;high_overlap;high_demand
0.4,528,1151,2.8084736475,5,0,0,path_count_below_K;high_demand
0.4,528,539,1.3323985675,5,0,0,path_count_below_K;high_demand
0.4,528,550,2.9422736475,5,0,0,path_count_below_K;high_demand
0.4,528,570,1.4570721725,5,0,0,path_count_below_K;high_demand
0.4,539,550,1.481537005,5,0,0,path_count_below_K;high_demand
0.4,539,560,1.39404085,5,0,0,path_count_below_K;high_demand
0.4,560,754,1.6901995625,5,0,0,path_count_below_K;high_demand
0.4,578,560,1.91124302,5,0,0,path_count_below_K;high_demand
0.4,578,584,2.869912425,5,0,0,path_count_below_K;high_demand
0.4,726,1190,1.8089429425,5,0,0,path_count_below_K;high_demand
0.4,726,754,1.7046849875,5,0,0,path_count_below_K;high_demand
0.4,726,777,1.6116245725,5,0,0,path_count_below_K;high_demand
0.4,726,784,1.4902747425,5,0,0,path_count_below_K;high_demand
0.4,751,754,1.591986945,5,0,0,path_count_below_K;high_demand
0.4,770,584,1.605665385,5,0,0,path_count_below_K;high_demand
0.4,777,726,1.36146414,5,0,0,path_count_below_K;high_demand
0.4,784,1252,1.4140075975,5,0,0,path_count_below_K;high_demand
0.4,784,726,1.359982825,5,0,0,path_count_below_K;high_demand
0.4,784,777,1.333082345,5,0,0,path_count_below_K;high_demand
0.4,807,820,1.55008668,5,0,0,path_count_below_K;high_demand
0.4,811,560,1.42103316,5,0,0,path_count_below_K;high_demand
0.4,811,751,1.4404120525,5,0,0,path_count_below_K;high_demand
0.4,811,754,1.8427704475,5,0,0,path_count_below_K;high_demand
0.4,811,796,1.4213797675,5,0,0,path_count_below_K;high_demand
0.4,811,797,1.8384260925,5,0,0,path_count_below_K;high_demand
0.4,811,820,2.4495230925,5,0,0,path_count_below_K;high_demand
0.4,912,1013,1.35165807,5,0,0,path_count_below_K;high_demand
0.4,912,375,3.1686005425,5,0,0,path_count_below_K;high_demand
0.4,912,429,1.933870275,5,0,0,path_count_below_K;high_demand
0.4,912,642,1.43342865,5,0,0,path_count_below_K;high_demand
0.4,912,937,1.708432605,5,0,0,path_count_below_K;high_demand
0.4,926,1022,1.30617676,5,0,0,path_count_below_K;high_demand
0.4,926,1029,1.45582907,5,0,0,path_count_below_K;high_demand
0.4,926,934,1.30934894,5,0,0,path_count_below_K;high_demand
