station,operational,ports,installed_ports,mean_service_min,entries_3hr,arrivals_veh_per_hour,offered_load_erlangs,intensity_utilization,queue_stable,average_wait_hours,average_wait_min,total_wait_vehicle_hours,total_wait_vehicle_min,average_service_min,average_sojourn_min,physical_average_sojourn_min,queue_wait_disutility_multiplier,utilization_crowding_penalty_min,behavioral_queue_penalty_min,perceived_station_choice_cost_min,compact_lambda_intensity_wait_hr
C1,False,0,30,109.6,0.0,0.0,0.0,inf,False,inf,inf,0.0,0.0,109.6,inf,inf,2.0,inf,inf,inf,--
C2,False,0,20,120.0,0.0,0.0,0.0,inf,False,inf,inf,0.0,0.0,120.0,inf,inf,2.0,inf,inf,inf,--
C3,True,74,74,103.13513513513513,111.96079627030952,37.3202654234365,64.15051029542059,0.8668987877759539,True,0.028245410555265162,1.6947246333159098,3.1623786567492926,189.74271940495757,103.13513513513513,104.82985976845104,104.82985976845104,2.0,0.634809687063877,2.3295343203797785,107.15939408883082,37.320265|0.866899|0.028245
C4,True,150,150,76.84,297.4819690707355,99.16065635691183,126.99174724108508,0.8466116482739006,True,0.0016422901000204318,0.09853740600122592,0.4885516927394532,29.31310156436719,76.84,76.93853740600123,76.93853740600123,2.0,0.0,0.09853740600122762,77.03707481200246,99.160656|0.846612|0.001642
C5,True,65,65,44.4,229.2386521141626,76.4128840380542,56.54553418816011,0.8699312952024633,True,0.017131432437555855,1.0278859462533512,3.927186480770147,235.63118884620883,44.4,45.42788594625335,45.42788594625335,2.0,0.7661833503104409,1.7940692965637979,47.221955242817145,76.412884|0.869931|0.017131
C6,False,0,632,112.96518987341773,0.0,0.0,0.0,inf,False,inf,inf,0.0,0.0,112.96518987341773,inf,inf,2.0,inf,inf,inf,--
C7,True,64,64,93.1875,105.4533317079535,35.15111056931783,54.59406860297176,0.8530323219214337,True,0.02493884462261099,1.4963306773566594,2.629884254401309,157.79305526407853,93.1875,94.68383067735665,94.68383067735665,2.0,0.10316288455658743,1.599493561913249,96.2833242392699,35.151111|0.853032|0.024939
C8,True,50,50,113.76,65.75079506835203,21.916931689450678,41.55450248319849,0.8310900496639698,True,0.03223153124792196,1.9338918748753178,2.119248805821302,127.15492834927812,113.76,115.69389187487532,115.69389187487532,2.0,0.0,1.9338918748753144,117.62778374975063,21.916932|0.831090|0.032232
C9,True,29,29,50.06896551724138,90.31800784805475,30.106002616018248,25.122940114056608,0.8663082797950554,True,0.07637485598661682,4.582491359197009,6.898024842393309,413.88149054359855,50.06896551724138,54.65145687643839,54.65145687643839,2.0,0.6099210844940675,5.192412443691076,59.843869320129464,30.106003|0.866308|0.076375
