generation,focus_id,focus_nodes,children_generated,focus_evaluated,screened_out,full_screen_evaluated,high_fidelity_evaluated,new_best_count,stable_best_generations,best_served_total,best_served_ev,best_system_time_min,best_cost_usd,best_budget_remaining_usd,best_budget_utilization,best_station_count,best_road_count,best_hard_feasible,best_ev_completion_target,best_completion_shortfall,best_max_station_utilization,best_unstable_station_count,best_feasibility_violation,best_charging_entries_period,best_average_wait_min_per_charging_session,best_average_station_delay_min_per_charging_session,operator_weights_json
1,1392cdb628,301,10,10,0,5,2,1,0,1078515.3612064177,19712.55120641756,32479657.55572771,24999794.4,205.60000000149012,0.9999917759999999,3,1705,True,19712.0,0.0,0.8629793899309769,0,0.0,897.3042332966924,1.1820447220789168,75.05598111546007,"{""add_fix"": 2.8073749999999995, ""crossover_fix"": 1.95, ""mip_intensify"": 1.0, ""remove_fix"": 1.0, ""station_capacity_fix"": 1.0, ""station_prune_fix"": 1.0, ""swap_fix"": 1.95}"
2,1392cdb628,301,10,10,0,5,2,0,1,1078515.3612064177,19712.55120641756,32479657.55572771,24999794.4,205.60000000149012,0.9999917759999999,3,1705,True,19712.0,0.0,0.8629793899309769,0,0.0,897.3042332966924,1.1820447220789168,75.05598111546007,"{""add_fix"": 3.5336559374999994, ""crossover_fix"": 2.8525, ""mip_intensify"": 1.0, ""remove_fix"": 0.95, ""station_capacity_fix"": 1.0, ""station_prune_fix"": 1.0, ""swap_fix"": 2.8525}"
3,1392cdb628,301,10,10,1,4,2,0,2,1078515.3612064177,19712.55120641756,32479657.55572771,24999794.4,205.60000000149012,0.9999917759999999,3,1705,True,19712.0,0.0,0.8629793899309769,0,0.0,897.3042332966924,1.1820447220789168,75.05598111546007,"{""add_fix"": 4.780684846443359, ""crossover_fix"": 2.8525, ""mip_intensify"": 1.0, ""remove_fix"": 0.95, ""station_capacity_fix"": 1.0, ""station_prune_fix"": 1.0, ""swap_fix"": 3.709875}"
4,1392cdb628,301,10,10,0,5,2,1,0,1078515.3612064177,19712.55120641756,32461770.628786996,24999353.92,646.0799999982119,0.9999741568000001,3,1892,True,19712.0,0.0,0.8674701588844087,0,0.0,897.3293998602647,1.2295645005806226,75.07309948569845,"{""add_fix"": 7.603772686708406, ""crossover_fix"": 2.8525, ""mip_intensify"": 1.0, ""remove_fix"": 0.95, ""station_capacity_fix"": 1.0, ""station_prune_fix"": 1.0, ""swap_fix"": 4.524381249999999}"
5,1392cdb628,301,10,10,1,4,2,1,0,1078515.3612064177,19712.551206417553,32449970.34501188,24999574.16,425.839999999851,0.9999829664,3,1905,True,19712.0,0.0,0.8631261400577014,0,0.0,897.6659241434147,1.2119202563165057,75.13379500071672,"{""add_fix"": 9.045820376903288, ""crossover_fix"": 2.8525, ""mip_intensify"": 1.0, ""remove_fix"": 0.95, ""station_capacity_fix"": 1.0, ""station_prune_fix"": 1.0, ""swap_fix"": 5.298162187499999}"
6,1392cdb628,301,10,10,2,3,2,1,0,1078515.3612064177,19712.551206417553,32437092.529941875,24999794.4,205.60000000149012,0.9999917759999999,3,1941,True,19712.0,0.0,0.8694283884801021,0,0.0,898.7585680324751,1.2950268059866266,75.18229418611179,"{""add_fix"": 9.851983371696827, ""crossover_fix"": 2.8525, ""mip_intensify"": 1.0, ""remove_fix"": 0.95, ""station_capacity_fix"": 1.0, ""station_prune_fix"": 1.0, ""swap_fix"": 5.298162187499999}"
7,1392cdb628,301,10,10,2,3,2,0,1,1078515.3612064177,19712.551206417553,32437092.529941875,24999794.4,205.60000000149012,0.9999917759999999,3,1941,True,19712.0,0.0,0.8694283884801021,0,0.0,898.7585680324751,1.2950268059866266,75.18229418611179,"{""add_fix"": 8.446844243308565, ""crossover_fix"": 2.8525, ""mip_intensify"": 1.0, ""remove_fix"": 0.95, ""station_capacity_fix"": 1.0, ""station_prune_fix"": 1.0, ""swap_fix"": 5.781591374218749}"
8,1392cdb628,301,10,10,2,3,2,1,0,1078515.3612064177,19712.551206417553,32435482.28905183,24999794.4,205.60000000149012,0.9999917759999999,3,1953,True,19712.0,0.0,0.8684552262778495,0,0.0,898.7760293139207,1.2507053463779512,75.06457053130578,"{""add_fix"": 8.24211308310668, ""crossover_fix"": 3.709875, ""mip_intensify"": 1.0, ""remove_fix"": 0.95, ""station_capacity_fix"": 1.0, ""station_prune_fix"": 1.0, ""swap_fix"": 5.492511805507811}"
9,1392cdb628,301,10,10,1,4,2,1,0,1078515.3612064177,19712.551206417553,32432533.01372702,24999353.92,646.0799999982119,0.9999741568000001,3,1949,True,19712.0,0.0,0.8704549536262671,0,0.0,898.6899094772516,1.2664955484340124,75.01858253571127,"{""add_fix"": 9.016581704628589, ""crossover_fix"": 4.524381249999999, ""mip_intensify"": 1.0, ""remove_fix"": 0.95, ""station_capacity_fix"": 1.0, ""station_prune_fix"": 1.0, ""swap_fix"": 6.21788621523242}"
10,30ae01f335,300,10,10,1,4,2,1,0,1078515.3612064177,19712.551206417553,32431029.263644848,24999353.92,646.0799999982119,0.9999741568000001,3,1951,True,19712.0,0.0,0.8685687667164695,0,0.0,898.7585680324759,1.289182779510248,75.11657455872775,"{""add_fix"": 9.087464988427302, ""crossover_fix"": 4.524381249999999, ""mip_intensify"": 1.95, ""remove_fix"": 0.95, ""station_capacity_fix"": 1.0, ""station_prune_fix"": 0.95, ""swap_fix"": 6.906991904470799}"
11,30ae01f335,300,10,10,0,5,2,0,1,1078515.3612064177,19712.551206417553,32431029.263644848,24999353.92,646.0799999982119,0.9999741568000001,3,1951,True,19712.0,0.0,0.8685687667164695,0,0.0,898.7585680324759,1.289182779510248,75.11657455872775,"{""add_fix"": 9.633091739005936, ""crossover_fix"": 5.298162187499999, ""mip_intensify"": 2.8525, ""remove_fix"": 0.95, ""station_capacity_fix"": 1.0, ""station_prune_fix"": 0.95, ""swap_fix"": 7.2335601937848955}"
12,30ae01f335,300,10,10,0,5,2,0,2,1078515.3612064177,19712.551206417553,32431029.263644848,24999353.92,646.0799999982119,0.9999741568000001,3,1951,True,19712.0,0.0,0.8685687667164695,0,0.0,898.7585680324759,1.289182779510248,75.11657455872775,"{""add_fix"": 10.209172029730212, ""crossover_fix"": 6.033254078124999, ""mip_intensify"": 3.709875, ""remove_fix"": 0.95, ""station_capacity_fix"": 1.0, ""station_prune_fix"": 0.95, ""swap_fix"": 7.2335601937848955}"
13,30ae01f335,300,10,10,0,5,2,1,0,1078515.3612064177,19712.551206417553,32430782.024400998,24999794.4,205.60000000149012,0.9999917759999999,3,1954,True,19712.0,0.0,0.8686457556740558,0,0.0,898.8201455333642,1.248758731545272,75.16208762726448,"{""add_fix"": 11.163777756831516, ""crossover_fix"": 6.395011805507812, ""mip_intensify"": 3.709875, ""remove_fix"": 0.95, ""station_capacity_fix"": 1.0, ""station_prune_fix"": 0.95, ""swap_fix"": 7.87188218409565}"
14,30ae01f335,300,10,10,3,2,2,0,1,1078515.3612064177,19712.551206417553,32430782.024400998,24999794.4,205.60000000149012,0.9999917759999999,3,1954,True,19712.0,0.0,0.8686457556740558,0,0.0,898.8201455333642,1.248758731545272,75.16208762726448,"{""add_fix"": 10.075309425540443, ""crossover_fix"": 6.395011805507812, ""mip_intensify"": 3.3481621875, ""remove_fix"": 0.95, ""station_capacity_fix"": 1.0, ""station_prune_fix"": 0.9025, ""swap_fix"": 7.87188218409565}"
15,30ae01f335,300,10,10,0,5,2,1,0,1078515.3612064177,19712.551206417553,32430570.688647844,24999574.16,425.839999999851,0.9999829664,3,1979,True,19712.0,0.0,0.8702994784161272,0,0.0,897.5255468823182,1.2280285801787947,74.98360992720393,"{""add_fix"": 10.57154395426342, ""crossover_fix"": 6.395011805507812, ""mip_intensify"": 4.180754078125, ""remove_fix"": 0.95, ""station_capacity_fix"": 1.0, ""station_prune_fix"": 0.9025, ""swap_fix"": 8.699154987589008}"
16,30ae01f335,300,10,10,1,4,2,2,0,1078515.3612064177,19712.551206417582,32420929.583385512,24999574.16,425.839999999851,0.9999829664,3,2015,True,19712.0,0.0,0.8720907630403925,0,0.0,897.3442954182703,1.279317202210421,74.97894641722604,"{""add_fix"": 11.490818418722736, ""crossover_fix"": 7.075261215232421, ""mip_intensify"": 4.97171637421875, ""remove_fix"": 0.95, ""station_capacity_fix"": 1.0, ""station_prune_fix"": 0.8573749999999999, ""swap_fix"": 8.699154987589008}"
17,30ae01f335,300,10,10,1,4,2,1,0,1078515.3612064177,19712.551206417582,32416580.288395256,24999794.4,205.60000000149012,0.9999917759999999,3,2044,True,19712.0,0.0,0.8648417532169284,0,0.0,897.3835141267622,1.2543088714979653,75.18058845242459,"{""add_fix"": 12.704440441752404, ""crossover_fix"": 7.075261215232421, ""mip_intensify"": 5.7231305555078125, ""remove_fix"": 0.95, ""station_capacity_fix"": 1.0, ""station_prune_fix"": 0.8145062499999999, ""swap_fix"": 8.699154987589008}"
18,30ae01f335,300,10,10,0,5,2,1,0,1078515.3612064177,19712.551206417582,32416398.345835745,24999794.4,205.60000000149012,0.9999917759999999,3,2073,True,19712.0,0.0,0.8641262188704774,0,0.0,897.4886247381239,1.170715204032992,75.03025670340774,"{""add_fix"": 13.155221142560093, ""crossover_fix"": 7.721498154470799, ""mip_intensify"": 5.7231305555078125, ""remove_fix"": 0.95, ""station_capacity_fix"": 1.0, ""station_prune_fix"": 0.8145062499999999, ""swap_fix"": 8.699154987589008}"
19,30ae01f335,300,10,10,3,2,2,0,1,1078515.3612064177,19712.551206417582,32416398.345835745,24999794.4,205.60000000149012,0.9999917759999999,3,2073,True,19712.0,0.0,0.8641262188704774,0,0.0,897.4886247381239,1.170715204032992,75.03025670340774,"{""add_fix"": 12.497460085432088, ""crossover_fix"": 7.721498154470799, ""mip_intensify"": 5.436974027732422, ""remove_fix"": 0.95, ""station_capacity_fix"": 0.95, ""station_prune_fix"": 0.7737809374999999, ""swap_fix"": 8.264197238209556}"
20,ce8ddf31de,301,10,10,3,2,2,1,0,1078515.3612064177,19712.551206417582,32413672.726193864,24999794.4,205.60000000149012,0.9999917759999999,3,2076,True,19712.0,0.0,0.8699253488383674,0,0.0,897.33290960826,1.2370467243231955,75.08914060615508,"{""add_fix"": 12.278957727102458, ""crossover_fix"": 7.721498154470799, ""mip_intensify"": 5.165125326345801, ""remove_fix"": 0.95, ""station_capacity_fix"": 0.95, ""station_prune_fix"": 0.7737809374999999, ""swap_fix"": 8.458438007484123}"
21,ce8ddf31de,301,10,10,3,2,2,0,1,1078515.3612064177,19712.551206417582,32413672.726193864,24999794.4,205.60000000149012,0.9999917759999999,3,2076,True,19712.0,0.0,0.8699253488383674,0,0.0,897.33290960826,1.2370467243231955,75.08914060615508,"{""add_fix"": 11.081759348709967, ""crossover_fix"": 7.968652084409896, ""mip_intensify"": 5.165125326345801, ""remove_fix"": 0.95, ""station_capacity_fix"": 0.95, ""station_prune_fix"": 0.7737809374999999, ""swap_fix"": 8.035516107109917}"
22,ce8ddf31de,301,10,10,4,1,1,1,0,1078515.3612064177,19712.551206417582,32411547.31897982,24999574.16,425.839999999851,0.9999829664,3,2094,True,19712.0,0.0,0.8713838829088931,0,0.0,897.0445202326714,1.2290086618515277,75.01016577918571,"{""add_fix"": 10.001287812210744, ""crossover_fix"": 7.5702194801894, ""mip_intensify"": 5.9068690600285105, ""remove_fix"": 0.95, ""station_capacity_fix"": 0.95, ""station_prune_fix"": 0.7737809374999999, ""swap_fix"": 7.633740301754421}"
23,ce8ddf31de,301,10,10,4,1,1,1,0,1078515.3612064177,19712.55120641757,32400209.55375828,24999353.92,646.0799999982119,0.9999741568000001,3,2119,True,19712.0,0.0,0.8791219261925164,0,0.0,897.1349820864314,1.330953903222691,75.15439760969241,"{""add_fix"": 8.574854137994185, ""crossover_fix"": 7.5702194801894, ""mip_intensify"": 6.611525607027085, ""remove_fix"": 0.95, ""station_capacity_fix"": 0.95, ""station_prune_fix"": 0.7737809374999999, ""swap_fix"": 7.252053286666699}"
24,ce8ddf31de,301,10,10,4,1,1,1,0,1078515.3612064177,19712.55120641757,32391527.805436224,24999574.16,425.839999999851,0.9999829664,3,2129,True,19712.0,0.0,0.8682434894885186,0,0.0,897.4963679614024,1.2696811262984238,75.05870490164706,"{""add_fix"": 7.351865566562763, ""crossover_fix"": 7.5702194801894, ""mip_intensify"": 7.280949326675731, ""remove_fix"": 0.9025, ""station_capacity_fix"": 0.95, ""station_prune_fix"": 0.7737809374999999, ""swap_fix"": 7.252053286666699}"
25,ce8ddf31de,301,10,10,4,1,1,1,0,1078515.3612064177,19712.55120641757,32388777.58060405,24999353.92,646.0799999982119,0.9999741568000001,3,2135,True,19712.0,0.0,0.8694791762314255,0,0.0,897.4595256442519,1.2053500186619606,74.99490011088297,"{""add_fix"": 7.6350586738228925, ""crossover_fix"": 7.5702194801894, ""mip_intensify"": 6.916901860341944, ""remove_fix"": 0.9025, ""station_capacity_fix"": 0.95, ""station_prune_fix"": 0.7737809374999999, ""swap_fix"": 6.544978091216696}"
26,ce8ddf31de,301,10,10,2,3,2,0,1,1078515.3612064177,19712.55120641757,32388777.58060405,24999353.92,646.0799999982119,0.9999741568000001,3,2135,True,19712.0,0.0,0.8694791762314255,0,0.0,897.4595256442519,1.2053500186619606,74.99490011088297,"{""add_fix"": 6.890640453125159, ""crossover_fix"": 7.5702194801894, ""mip_intensify"": 7.2425039289586035, ""remove_fix"": 0.9025, ""station_capacity_fix"": 0.95, ""station_prune_fix"": 0.7737809374999999, ""swap_fix"": 6.217729186655861}"
27,ce8ddf31de,301,10,10,4,1,1,1,0,1078515.3612064177,19712.55120641757,32386416.916256715,24999794.4,205.60000000149012,0.9999917759999999,3,2149,True,19712.0,0.0,0.8720359143572531,0,0.0,898.6069945362625,1.2513256672484943,75.02693905439709,"{""add_fix"": 5.6124697155732735, ""crossover_fix"": 7.5702194801894, ""mip_intensify"": 7.880378732510673, ""remove_fix"": 0.9025, ""station_capacity_fix"": 0.95, ""station_prune_fix"": 0.7737809374999999, ""swap_fix"": 6.217729186655861}"
28,ce8ddf31de,301,10,10,1,4,2,1,0,1078515.3612064177,19712.55120641757,32383627.848791193,24999574.16,425.839999999851,0.9999829664,3,2154,True,19712.0,0.0,0.8718984120506458,0,0.0,898.580791576808,1.2759977320392981,75.02841230555126,"{""add_fix"": 5.065253918304879, ""crossover_fix"": 7.5702194801894, ""mip_intensify"": 9.608939715786338, ""remove_fix"": 0.9025, ""station_capacity_fix"": 0.95, ""station_prune_fix"": 0.7737809374999999, ""swap_fix"": 6.217729186655861}"
29,ce8ddf31de,301,10,10,4,1,1,0,1,1078515.3612064177,19712.55120641757,32383627.848791193,24999574.16,425.839999999851,0.9999829664,3,2154,True,19712.0,0.0,0.8718984120506458,0,0.0,898.580791576808,1.2759977320392981,75.02841230555126,"{""add_fix"": 4.571391661270153, ""crossover_fix"": 7.191708506179929, ""mip_intensify"": 9.12849272999702, ""remove_fix"": 0.9025, ""station_capacity_fix"": 0.95, ""station_prune_fix"": 0.7737809374999999, ""swap_fix"": 5.906842727323068}"
30,6b4c33ee94,303,10,10,2,3,2,0,2,1078515.3612064177,19712.55120641757,32383627.848791193,24999574.16,425.839999999851,0.9999829664,3,2154,True,19712.0,0.0,0.8718984120506458,0,0.0,898.580791576808,1.2759977320392981,75.02841230555126,"{""add_fix"": 4.342822078206645, ""crossover_fix"": 7.490516926827385, ""mip_intensify"": 8.672068093497169, ""remove_fix"": 0.9025, ""station_capacity_fix"": 0.95, ""station_prune_fix"": 0.7737809374999999, ""swap_fix"": 5.611500590956914}"
31,6b4c33ee94,303,10,10,2,3,2,1,0,1078515.3612064177,19712.55120641757,32370969.77135342,24999574.16,425.839999999851,0.9999829664,3,2180,True,19712.0,0.0,0.866397249435184,0,0.0,897.5255468823184,1.213111959721733,75.04537970017795,"{""add_fix"": 3.919396925581496, ""crossover_fix"": 7.115991080486015, ""mip_intensify"": 9.776541454381194, ""remove_fix"": 0.9025, ""station_capacity_fix"": 0.95, ""station_prune_fix"": 0.7737809374999999, ""swap_fix"": 5.611500590956914}"
32,6b4c33ee94,303,10,10,1,4,2,1,0,1078515.3612064177,19712.55120641757,32362624.085703466,24999574.16,425.839999999851,0.9999829664,3,2190,True,19712.0,0.0,0.866505493365737,0,0.0,897.4963679614019,1.2382470462690474,75.10901643710126,"{""add_fix"": 3.919396925581496, ""crossover_fix"": 7.760191526461714, ""mip_intensify"": 9.815554117977571, ""remove_fix"": 0.9025, ""station_capacity_fix"": 0.95, ""station_prune_fix"": 0.7737809374999999, ""swap_fix"": 5.611500590956914}"
33,6b4c33ee94,303,10,10,3,2,2,0,1,1078515.3612064177,19712.55120641757,32362624.085703466,24999574.16,425.839999999851,0.9999829664,3,2190,True,19712.0,0.0,0.866505493365737,0,0.0,897.4963679614019,1.2382470462690474,75.10901643710126,"{""add_fix"": 3.919396925581496, ""crossover_fix"": 7.372181950138628, ""mip_intensify"": 8.858537591474757, ""remove_fix"": 0.9025, ""station_capacity_fix"": 0.95, ""station_prune_fix"": 0.7737809374999999, ""swap_fix"": 5.0643792833386145}"
34,6b4c33ee94,303,10,10,2,3,2,0,2,1078515.3612064177,19712.55120641757,32362624.085703466,24999574.16,425.839999999851,0.9999829664,3,2190,True,19712.0,0.0,0.866505493365737,0,0.0,897.4963679614019,1.2382470462690474,75.10901643710126,"{""add_fix"": 4.360392939070435, ""crossover_fix"": 7.003572852631696, ""mip_intensify"": 8.415610711901019, ""remove_fix"": 0.9025, ""station_capacity_fix"": 0.95, ""station_prune_fix"": 0.7737809374999999, ""swap_fix"": 5.0643792833386145}"
35,6b4c33ee94,303,10,10,3,2,2,0,3,1078515.3612064177,19712.55120641757,32362624.085703466,24999574.16,425.839999999851,0.9999829664,3,2190,True,19712.0,0.0,0.866505493365737,0,0.0,897.4963679614019,1.2382470462690474,75.10901643710126,"{""add_fix"": 4.360392939070435, ""crossover_fix"": 7.3207244995001055, ""mip_intensify"": 8.994830176305967, ""remove_fix"": 0.9025, ""station_capacity_fix"": 0.95, ""station_prune_fix"": 0.7737809374999999, ""swap_fix"": 4.570602303213099}"
36,6b4c33ee94,303,10,10,3,2,2,0,4,1078515.3612064177,19712.55120641757,32362624.085703466,24999574.16,425.839999999851,0.9999829664,3,2190,True,19712.0,0.0,0.866505493365737,0,0.0,897.4963679614019,1.2382470462690474,75.10901643710126,"{""add_fix"": 3.935254627511067, ""crossover_fix"": 7.3207244995001055, ""mip_intensify"": 8.117834234116135, ""remove_fix"": 0.8573749999999999, ""station_capacity_fix"": 0.95, ""station_prune_fix"": 0.7737809374999999, ""swap_fix"": 4.570602303213099}"
37,6b4c33ee94,303,10,10,3,2,2,1,0,1078515.3612064177,19712.55120641757,32353061.850649238,24999574.16,425.839999999851,0.9999829664,3,2242,True,19712.0,0.0,0.8719906556123168,0,0.0,898.5266767692384,1.2523833730406566,74.99976936815266,"{""add_fix"": 3.935254627511067, ""crossover_fix"": 6.6069538607988445, ""mip_intensify"": 9.276345396289813, ""remove_fix"": 0.8573749999999999, ""station_capacity_fix"": 0.95, ""station_prune_fix"": 0.7737809374999999, ""swap_fix"": 4.342072188052444}"
38,6b4c33ee94,303,10,10,3,2,2,0,1,1078515.3612064177,19712.55120641757,32353061.850649238,24999574.16,425.839999999851,0.9999829664,3,2242,True,19712.0,0.0,0.8719906556123168,0,0.0,898.5266767692384,1.2523833730406566,74.99976936815266,"{""add_fix"": 3.551567301328738, ""crossover_fix"": 5.962775859370956, ""mip_intensify"": 8.812528126475321, ""remove_fix"": 0.8573749999999999, ""station_capacity_fix"": 0.95, ""station_prune_fix"": 0.7737809374999999, ""swap_fix"": 4.342072188052444}"
39,6b4c33ee94,303,10,10,2,3,2,1,0,1078515.3612064177,19712.551206417575,32348906.643809516,24999574.16,425.839999999851,0.9999829664,3,2244,True,19712.0,0.0,0.8700040688431734,0,0.0,898.4110678621579,1.230704475129228,75.03359185610987,"{""add_fix"": 4.205289489449186, ""crossover_fix"": 5.664637066402408, ""mip_intensify"": 9.371901720151556, ""remove_fix"": 0.8573749999999999, ""station_capacity_fix"": 0.95, ""station_prune_fix"": 0.7737809374999999, ""swap_fix"": 5.124968578649821}"
40,38cd21ff8c,301,10,10,5,0,0,0,1,1078515.3612064177,19712.551206417575,32348906.643809516,24999574.16,425.839999999851,0.9999829664,3,2244,True,19712.0,0.0,0.8700040688431734,0,0.0,898.4110678621579,1.230704475129228,75.03359185610987,"{""add_fix"": 4.205289489449186, ""crossover_fix"": 5.664637066402408, ""mip_intensify"": 8.903306634143977, ""remove_fix"": 0.8573749999999999, ""station_capacity_fix"": 0.95, ""station_prune_fix"": 0.7350918906249998, ""swap_fix"": 4.394019935119889}"
41,38cd21ff8c,301,10,10,1,4,2,1,0,1078515.3612064177,19712.551206417575,32347825.24107166,24999794.4,205.60000000149012,0.9999917759999999,3,2254,True,19712.0,0.0,0.8711289275627916,0,0.0,898.380504587873,1.2807823465655126,75.08408903771752,"{""add_fix"": 4.205289489449186, ""crossover_fix"": 5.664637066402408, ""mip_intensify"": 8.58347252544919, ""remove_fix"": 0.8573749999999999, ""station_capacity_fix"": 0.95, ""station_prune_fix"": 0.7350918906249998, ""swap_fix"": 4.965602991445699}"
42,38cd21ff8c,301,10,10,3,2,2,1,0,1078515.3612064177,19712.551206417575,32347346.48840139,24999353.92,646.0799999982119,0.9999741568000001,3,2257,True,19712.0,0.0,0.8701076790566389,0,0.0,898.4987273631309,1.258932066508581,75.08551364493017,"{""add_fix"": 3.605510076016495, ""crossover_fix"": 6.381405213082287, ""mip_intensify"": 8.58347252544919, ""remove_fix"": 0.8145062499999999, ""station_capacity_fix"": 0.95, ""station_prune_fix"": 0.7350918906249998, ""swap_fix"": 4.965602991445699}"
43,38cd21ff8c,301,10,10,3,2,2,1,0,1078515.3612064177,19712.551206417575,32337929.39019712,24999794.4,205.60000000149012,0.9999917759999999,3,2267,True,19712.0,0.0,0.8685436093081069,0,0.0,898.3172206317042,1.315085270468856,75.19234180483832,"{""add_fix"": 3.605510076016495, ""crossover_fix"": 6.381405213082287, ""mip_intensify"": 8.591727417747565, ""remove_fix"": 0.8145062499999999, ""station_capacity_fix"": 0.95, ""station_prune_fix"": 0.7350918906249998, ""swap_fix"": 4.965602991445699}"
44,38cd21ff8c,301,10,10,2,3,2,0,1,1078515.3612064177,19712.551206417575,32337929.39019712,24999794.4,205.60000000149012,0.9999917759999999,3,2267,True,19712.0,0.0,0.8685436093081069,0,0.0,898.3172206317042,1.315085270468856,75.19234180483832,"{""add_fix"": 3.605510076016495, ""crossover_fix"": 6.381405213082287, ""mip_intensify"": 7.9980156800517515, ""remove_fix"": 0.8145062499999999, ""station_capacity_fix"": 0.95, ""station_prune_fix"": 0.6983372960937497, ""swap_fix"": 4.965602991445699}"
45,38cd21ff8c,301,10,10,3,2,2,0,2,1078515.3612064177,19712.551206417575,32337929.39019712,24999794.4,205.60000000149012,0.9999917759999999,3,2267,True,19712.0,0.0,0.8685436093081069,0,0.0,898.3172206317042,1.315085270468856,75.19234180483832,"{""add_fix"": 3.42523457221567, ""crossover_fix"": 6.381405213082287, ""mip_intensify"": 7.218209151246705, ""remove_fix"": 0.8145062499999999, ""station_capacity_fix"": 0.95, ""station_prune_fix"": 0.6634204312890623, ""swap_fix"": 4.717322841873414}"
46,38cd21ff8c,301,10,10,4,1,1,1,0,1078515.3612064177,19712.55120641757,32324035.483751386,24999794.4,205.60000000149012,0.9999917759999999,3,2290,True,19712.0,0.0,0.8783108466179196,0,0.0,897.1787053157485,1.2824683338831642,74.97870169145274,"{""add_fix"": 3.091274201424642, ""crossover_fix"": 6.381405213082287, ""mip_intensify"": 7.85729869368437, ""remove_fix"": 0.8145062499999999, ""station_capacity_fix"": 0.95, ""station_prune_fix"": 0.6634204312890623, ""swap_fix"": 4.257383864790755}"
47,38cd21ff8c,301,10,10,4,1,1,1,0,1078515.3612064177,19712.55120641757,32323598.05970701,24999794.4,205.60000000149012,0.9999917759999999,3,2291,True,19712.0,0.0,0.8712308340663619,0,0.0,897.3042332966926,1.227695246142513,74.99070771627522,"{""add_fix"": 2.93671049135341, ""crossover_fix"": 6.759218204806764, ""mip_intensify"": 7.46443375900015, ""remove_fix"": 0.8145062499999999, ""station_capacity_fix"": 0.95, ""station_prune_fix"": 0.6634204312890623, ""swap_fix"": 4.044514671551218}"
48,38cd21ff8c,301,10,10,5,0,0,0,1,1078515.3612064177,19712.55120641757,32323598.05970701,24999794.4,205.60000000149012,0.9999917759999999,3,2291,True,19712.0,0.0,0.8712308340663619,0,0.0,897.3042332966926,1.227695246142513,74.99070771627522,"{""add_fix"": 2.51786215752413, ""crossover_fix"": 6.759218204806764, ""mip_intensify"": 7.46443375900015, ""remove_fix"": 0.8145062499999999, ""station_capacity_fix"": 0.95, ""station_prune_fix"": 0.6634204312890623, ""swap_fix"": 3.6501744910749734}"
49,38cd21ff8c,301,10,10,3,2,2,0,2,1078515.3612064177,19712.55120641757,32323598.05970701,24999794.4,205.60000000149012,0.9999917759999999,3,2291,True,19712.0,0.0,0.8712308340663619,0,0.0,897.3042332966926,1.227695246142513,74.99070771627522,"{""add_fix"": 2.272370597165527, ""crossover_fix"": 6.100194429838104, ""mip_intensify"": 7.46443375900015, ""remove_fix"": 0.8145062499999999, ""station_capacity_fix"": 0.95, ""station_prune_fix"": 0.6634204312890623, ""swap_fix"": 3.4676657665212245}"
50,2096f79153,302,10,10,3,2,2,0,3,1078515.3612064177,19712.55120641757,32323598.05970701,24999794.4,205.60000000149012,0.9999917759999999,3,2291,True,19712.0,0.0,0.8712308340663619,0,0.0,897.3042332966926,1.227695246142513,74.99070771627522,"{""add_fix"": 2.272370597165527, ""crossover_fix"": 5.505425472928889, ""mip_intensify"": 7.091212071050142, ""remove_fix"": 0.8145062499999999, ""station_capacity_fix"": 0.95, ""station_prune_fix"": 0.6302494097246091, ""swap_fix"": 3.294282478195163}"
51,2096f79153,302,10,10,3,2,2,1,0,1078515.3612064177,19712.55120641757,32313142.50669977,24999794.4,205.60000000149012,0.9999917759999999,3,2299,True,19712.0,0.0,0.8823527760559722,0,0.0,896.9007505008021,1.3620176976165914,75.15617582164717,"{""add_fix"": 2.948273740744793, ""crossover_fix"": 5.505425472928889, ""mip_intensify"": 7.7366514674976345, ""remove_fix"": 0.7737809374999999, ""station_capacity_fix"": 0.95, ""station_prune_fix"": 0.6302494097246091, ""swap_fix"": 3.294282478195163}"
52,2096f79153,302,10,10,5,0,0,0,1,1078515.3612064177,19712.55120641757,32313142.50669977,24999794.4,205.60000000149012,0.9999917759999999,3,2299,True,19712.0,0.0,0.8823527760559722,0,0.0,896.9007505008021,1.3620176976165914,75.15617582164717,"{""add_fix"": 2.6608170510221756, ""crossover_fix"": 5.230154199282444, ""mip_intensify"": 7.7366514674976345, ""remove_fix"": 0.7737809374999999, ""station_capacity_fix"": 0.95, ""station_prune_fix"": 0.6302494097246091, ""swap_fix"": 2.9730899365711343}"
53,2096f79153,302,10,10,3,2,2,1,0,1078515.3612064177,19712.551206417575,32290602.3908876,24999794.4,205.60000000149012,0.9999917759999999,3,2323,True,19712.0,0.0,0.8685422979223318,0,0.0,897.0721772977895,1.2708820922328279,75.07603786415697,"{""add_fix"": 2.401387388547513, ""crossover_fix"": 4.9686464893183215, ""mip_intensify"": 7.932327949416614, ""remove_fix"": 0.7737809374999999, ""station_capacity_fix"": 0.95, ""station_prune_fix"": 0.6302494097246091, ""swap_fix"": 2.9730899365711343}"
54,2096f79153,302,10,10,1,4,2,1,0,1078515.3612064177,19712.551206417575,32289438.145822793,24999574.16,425.839999999851,0.9999829664,3,2323,True,19712.0,0.0,0.8665147803501351,0,0.0,897.0902651473565,1.2112664103776238,74.98911205185628,"{""add_fix"": 3.281318019120137, ""crossover_fix"": 5.484203456609785, ""mip_intensify"": 9.108925974348493, ""remove_fix"": 0.7737809374999999, ""station_capacity_fix"": 0.95, ""station_prune_fix"": 0.6302494097246091, ""swap_fix"": 2.9730899365711343}"
55,2096f79153,302,10,10,4,1,1,0,1,1078515.3612064177,19712.551206417575,32289438.145822793,24999574.16,425.839999999851,0.9999829664,3,2323,True,19712.0,0.0,0.8665147803501351,0,0.0,897.0902651473565,1.2112664103776238,74.98911205185628,"{""add_fix"": 2.9613895122559235, ""crossover_fix"": 4.94949361959033, ""mip_intensify"": 8.653479675631068, ""remove_fix"": 0.7737809374999999, ""station_capacity_fix"": 0.95, ""station_prune_fix"": 0.6302494097246091, ""swap_fix"": 2.9730899365711343}"
56,2096f79153,302,10,10,5,0,0,0,2,1078515.3612064177,19712.551206417575,32289438.145822793,24999574.16,425.839999999851,0.9999829664,3,2323,True,19712.0,0.0,0.8665147803501351,0,0.0,897.0902651473565,1.2112664103776238,74.98911205185628,"{""add_fix"": 2.8133200366431272, ""crossover_fix"": 4.466917991680272, ""mip_intensify"": 8.653479675631068, ""remove_fix"": 0.7737809374999999, ""station_capacity_fix"": 0.95, ""station_prune_fix"": 0.6302494097246091, ""swap_fix"": 2.683213667755448}"
57,2096f79153,302,10,10,4,1,1,0,3,1078515.3612064177,19712.551206417575,32289438.145822793,24999574.16,425.839999999851,0.9999829664,3,2323,True,19712.0,0.0,0.8665147803501351,0,0.0,897.0902651473565,1.2112664103776238,74.98911205185628,"{""add_fix"": 2.539021333070422, ""crossover_fix"": 4.466917991680272, ""mip_intensify"": 8.220805691849515, ""remove_fix"": 0.7737809374999999, ""station_capacity_fix"": 0.95, ""station_prune_fix"": 0.5987369392383786, ""swap_fix"": 2.5490529843676755}"
58,2096f79153,302,10,10,4,1,1,1,0,1078515.3612064177,19712.551206417575,32283459.02714262,24999794.4,205.60000000149012,0.9999917759999999,3,2338,True,19712.0,0.0,0.869696044930163,0,0.0,896.9007505008021,1.1740508371115035,75.09643819839445,"{""add_fix"": 2.1768934154412527, ""crossover_fix"": 4.466917991680272, ""mip_intensify"": 8.419277136894186, ""remove_fix"": 0.7737809374999999, ""station_capacity_fix"": 0.95, ""station_prune_fix"": 0.5987369392383786, ""swap_fix"": 2.5490529843676755}"
59,2096f79153,302,10,10,3,2,2,1,0,1078515.3612064177,19712.551206417575,32283020.074597742,24999574.16,425.839999999851,0.9999829664,3,2354,True,19712.0,0.0,0.8673017479517475,0,0.0,897.1630385574988,1.2610862947359731,75.03510743097314,"{""add_fix"": 2.06804874466919, ""crossover_fix"": 4.466917991680272, ""mip_intensify"": 8.168477735244652, ""remove_fix"": 0.7350918906249998, ""station_capacity_fix"": 0.95, ""station_prune_fix"": 0.5987369392383786, ""swap_fix"": 2.5490529843676755}"
60,082eab5972,303,9,9,1,4,2,1,0,1078515.3612064177,19712.551206417575,32281897.735299286,24999794.4,205.60000000149012,0.9999917759999999,3,2354,True,19712.0,0.0,0.8675920699052743,0,0.0,897.07217729779,1.209285172717611,75.1217803936272,"{""add_fix"": 1.8664139920639438, ""crossover_fix"": 4.466917991680272, ""mip_intensify"": 7.372051156058298, ""remove_fix"": 0.7350918906249998, ""station_capacity_fix"": 0.95, ""station_prune_fix"": 0.5987369392383786, ""swap_fix"": 3.4216003351492916}"
61,082eab5972,303,10,10,3,2,2,0,1,1078515.3612064177,19712.551206417575,32281897.735299286,24999794.4,205.60000000149012,0.9999917759999999,3,2354,True,19712.0,0.0,0.8675920699052743,0,0.0,897.07217729779,1.209285172717611,75.1217803936272,"{""add_fix"": 1.684438627837709, ""crossover_fix"": 4.243572092096258, ""mip_intensify"": 7.372051156058298, ""remove_fix"": 0.7350918906249998, ""station_capacity_fix"": 0.95, ""station_prune_fix"": 0.5688000922764596, ""swap_fix"": 3.250520318391827}"
62,082eab5972,303,10,10,2,3,2,1,0,1078515.3612064177,19712.551206417575,32281699.83448389,24999353.92,646.0799999982119,0.9999741568000001,3,2354,True,19712.0,0.0,0.8663665184400016,0,0.0,897.2498615389986,1.2183162946493142,75.08637129200807,"{""add_fix"": 1.5202058616235323, ""crossover_fix"": 5.031393487491445, ""mip_intensify"": 7.372051156058298, ""remove_fix"": 0.7350918906249998, ""station_capacity_fix"": 0.95, ""station_prune_fix"": 0.5688000922764596, ""swap_fix"": 4.8835945873486235}"
63,082eab5972,303,10,10,1,4,2,0,1,1078515.3612064177,19712.551206417575,32281699.83448389,24999353.92,646.0799999982119,0.9999741568000001,3,2354,True,19712.0,0.0,0.8663665184400016,0,0.0,897.2498615389986,1.2183162946493142,75.08637129200807,"{""add_fix"": 1.5202058616235323, ""crossover_fix"": 6.490832622461029, ""mip_intensify"": 6.653276168342614, ""remove_fix"": 0.7350918906249998, ""station_capacity_fix"": 0.95, ""station_prune_fix"": 0.5688000922764596, ""swap_fix"": 4.639414857981192}"
64,082eab5972,303,10,10,0,5,2,0,2,1078515.3612064177,19712.551206417575,32281699.83448389,24999353.92,646.0799999982119,0.9999741568000001,3,2354,True,19712.0,0.0,0.8663665184400016,0,0.0,897.2498615389986,1.2183162946493142,75.08637129200807,"{""add_fix"": 1.4441955685423555, ""crossover_fix"": 7.166290991337977, ""mip_intensify"": 6.004581741929209, ""remove_fix"": 1.6983372960937497, ""station_capacity_fix"": 0.95, ""station_prune_fix"": 0.5688000922764596, ""swap_fix"": 4.639414857981192}"
65,082eab5972,303,10,10,4,1,1,0,3,1078515.3612064177,19712.551206417575,32281699.83448389,24999353.92,646.0799999982119,0.9999741568000001,3,2354,True,19712.0,0.0,0.8663665184400016,0,0.0,897.2498615389986,1.2183162946493142,75.08637129200807,"{""add_fix"": 1.4441955685423555, ""crossover_fix"": 6.467577619682523, ""mip_intensify"": 6.004581741929209, ""remove_fix"": 1.613420431289062, ""station_capacity_fix"": 0.95, ""station_prune_fix"": 0.5688000922764596, ""swap_fix"": 5.187071909328026}"
66,082eab5972,303,10,10,5,0,0,0,4,1078515.3612064177,19712.551206417575,32281699.83448389,24999353.92,646.0799999982119,0.9999741568000001,3,2354,True,19712.0,0.0,0.8663665184400016,0,0.0,897.2498615389986,1.2183162946493142,75.08637129200807,"{""add_fix"": 1.3033865006094758, ""crossover_fix"": 6.144198738698397, ""mip_intensify"": 6.004581741929209, ""remove_fix"": 1.5327494097246088, ""station_capacity_fix"": 0.95, ""station_prune_fix"": 0.5688000922764596, ""swap_fix"": 4.927718313861624}"
67,082eab5972,303,10,10,3,2,2,0,5,1078515.3612064177,19712.551206417575,32281699.83448389,24999353.92,646.0799999982119,0.9999741568000001,3,2354,True,19712.0,0.0,0.8663665184400016,0,0.0,897.2498615389986,1.2183162946493142,75.08637129200807,"{""add_fix"": 1.3033865006094758, ""crossover_fix"": 6.144198738698397, ""mip_intensify"": 5.704352654832748, ""remove_fix"": 1.4561119392383783, ""station_capacity_fix"": 0.95, ""station_prune_fix"": 0.5688000922764596, ""swap_fix"": 4.22490248934711}"
68,082eab5972,303,10,10,2,3,2,0,6,1078515.3612064177,19712.551206417575,32281699.83448389,24999353.92,646.0799999982119,0.9999741568000001,3,2354,True,19712.0,0.0,0.8663665184400016,0,0.0,897.2498615389986,1.2183162946493142,75.08637129200807,"{""add_fix"": 1.3033865006094758, ""crossover_fix"": 6.95448827391196, ""mip_intensify"": 5.704352654832748, ""remove_fix"": 1.4561119392383783, ""station_capacity_fix"": 0.95, ""station_prune_fix"": 0.5688000922764596, ""swap_fix"": 4.013657364879754}"
69,082eab5972,303,10,10,4,1,1,0,7,1078515.3612064177,19712.551206417575,32281699.83448389,24999353.92,646.0799999982119,0.9999741568000001,3,2354,True,19712.0,0.0,0.8663665184400016,0,0.0,897.2498615389986,1.2183162946493142,75.08637129200807,"{""add_fix"": 1.3033865006094758, ""crossover_fix"": 6.276425667205544, ""mip_intensify"": 5.148178270986555, ""remove_fix"": 1.3833063422764593, ""station_capacity_fix"": 0.95, ""station_prune_fix"": 0.5688000922764596, ""swap_fix"": 4.013657364879754}"
70,ea7794b77f,302,10,10,5,0,0,0,8,1078515.3612064177,19712.551206417575,32281699.83448389,24999353.92,646.0799999982119,0.9999741568000001,3,2354,True,19712.0,0.0,0.8663665184400016,0,0.0,897.2498615389986,1.2183162946493142,75.08637129200807,"{""add_fix"": 1.238217175579002, ""crossover_fix"": 5.9626043838452665, ""mip_intensify"": 5.148178270986555, ""remove_fix"": 1.3141410251626362, ""station_capacity_fix"": 0.95, ""station_prune_fix"": 0.5688000922764596, ""swap_fix"": 3.622325771803978}"
71,ea7794b77f,302,10,10,4,1,1,0,9,1078515.3612064177,19712.551206417575,32281699.83448389,24999353.92,646.0799999982119,0.9999741568000001,3,2354,True,19712.0,0.0,0.8663665184400016,0,0.0,897.2498615389986,1.2183162946493142,75.08637129200807,"{""add_fix"": 1.238217175579002, ""crossover_fix"": 5.112187933599334, ""mip_intensify"": 5.148178270986555, ""remove_fix"": 1.2484339739045043, ""station_capacity_fix"": 0.95, ""station_prune_fix"": 0.5688000922764596, ""swap_fix"": 3.441209483213779}"
72,ea7794b77f,302,10,10,3,2,2,0,10,1078515.3612064177,19712.551206417575,32281699.83448389,24999353.92,646.0799999982119,0.9999741568000001,3,2354,True,19712.0,0.0,0.8663665184400016,0,0.0,897.2498615389986,1.2183162946493142,75.08637129200807,"{""add_fix"": 1.1174910009600492, ""crossover_fix"": 5.112187933599334, ""mip_intensify"": 4.6462308895653655, ""remove_fix"": 1.186012275209279, ""station_capacity_fix"": 0.95, ""station_prune_fix"": 0.5688000922764596, ""swap_fix"": 3.441209483213779}"
73,ea7794b77f,302,10,10,2,3,2,0,11,1078515.3612064177,19712.551206417575,32281699.83448389,24999353.92,646.0799999982119,0.9999741568000001,3,2354,True,19712.0,0.0,0.8663665184400016,0,0.0,897.2498615389986,1.2183162946493142,75.08637129200807,"{""add_fix"": 1.1174910009600492, ""crossover_fix"": 4.613749610073399, ""mip_intensify"": 4.413919345087097, ""remove_fix"": 1.186012275209279, ""station_capacity_fix"": 0.95, ""station_prune_fix"": 0.5688000922764596, ""swap_fix"": 4.105691558600435}"
74,ea7794b77f,302,10,10,3,2,2,0,12,1078515.3612064177,19712.551206417575,32281699.83448389,24999353.92,646.0799999982119,0.9999741568000001,3,2354,True,19712.0,0.0,0.8663665184400016,0,0.0,897.2498615389986,1.2183162946493142,75.08637129200807,"{""add_fix"": 1.1174910009600492, ""crossover_fix"": 5.163909023091242, ""mip_intensify"": 4.413919345087097, ""remove_fix"": 1.186012275209279, ""station_capacity_fix"": 0.95, ""station_prune_fix"": 0.5688000922764596, ""swap_fix"": 3.520117300055048}"
75,ea7794b77f,302,10,10,1,4,2,0,13,1078515.3612064177,19712.551206417575,32281699.83448389,24999353.92,646.0799999982119,0.9999741568000001,3,2354,True,19712.0,0.0,0.8663665184400016,0,0.0,897.2498615389986,1.2183162946493142,75.08637129200807,"{""add_fix"": 1.1174910009600492, ""crossover_fix"": 4.90571357193668, ""mip_intensify"": 4.193223377832742, ""remove_fix"": 2.126711661448815, ""station_capacity_fix"": 0.95, ""station_prune_fix"": 0.5403600876626365, ""swap_fix"": 3.3441114350522954}"
76,ea7794b77f,302,10,10,2,3,2,0,14,1078515.3612064177,19712.551206417575,32281699.83448389,24999353.92,646.0799999982119,0.9999741568000001,3,2354,True,19712.0,0.0,0.8663665184400016,0,0.0,897.2498615389986,1.2183162946493142,75.08637129200807,"{""add_fix"": 1.1174910009600492, ""crossover_fix"": 5.427406498672854, ""mip_intensify"": 3.784384098494049, ""remove_fix"": 2.126711661448815, ""station_capacity_fix"": 0.95, ""station_prune_fix"": 0.5403600876626365, ""swap_fix"": 3.1769058632996803}"
77,ea7794b77f,302,10,10,3,2,2,0,15,1078515.3612064177,19712.551206417575,32281699.83448389,24999353.92,646.0799999982119,0.9999741568000001,3,2354,True,19712.0,0.0,0.8663665184400016,0,0.0,897.2498615389986,1.2183162946493142,75.08637129200807,"{""add_fix"": 1.0085356283664444, ""crossover_fix"": 4.89823436505225, ""mip_intensify"": 3.784384098494049, ""remove_fix"": 2.126711661448815, ""station_capacity_fix"": 0.95, ""station_prune_fix"": 0.5133420832795047, ""swap_fix"": 3.1769058632996803}"
78,ea7794b77f,302,10,10,4,1,1,0,16,1078515.3612064177,19712.551206417575,32281699.83448389,24999353.92,646.0799999982119,0.9999741568000001,3,2354,True,19712.0,0.0,0.8663665184400016,0,0.0,897.2498615389986,1.2183162946493142,75.08637129200807,"{""add_fix"": 0.9581088469481222, ""crossover_fix"": 4.199623688736673, ""mip_intensify"": 3.5951648935693465, ""remove_fix"": 2.126711661448815, ""station_capacity_fix"": 0.95, ""station_prune_fix"": 0.5133420832795047, ""swap_fix"": 3.1769058632996803}"
79,ea7794b77f,302,10,10,2,3,2,0,17,1078515.3612064177,19712.551206417575,32281699.83448389,24999353.92,646.0799999982119,0.9999741568000001,3,2354,True,19712.0,0.0,0.8663665184400016,0,0.0,897.2498615389986,1.2183162946493142,75.08637129200807,"{""add_fix"": 0.9581088469481222, ""crossover_fix"": 4.600652360130605, ""mip_intensify"": 3.5951648935693465, ""remove_fix"": 2.020376078376374, ""station_capacity_fix"": 0.95, ""station_prune_fix"": 0.5133420832795047, ""swap_fix"": 3.018060570134696}"
80,1d529f435e,301,10,10,3,2,2,0,18,1078515.3612064177,19712.551206417575,32281699.83448389,24999353.92,646.0799999982119,0.9999741568000001,3,2354,True,19712.0,0.0,0.8663665184400016,0,0.0,897.2498615389986,1.2183162946493142,75.08637129200807,"{""add_fix"": 0.9581088469481222, ""crossover_fix"": 5.370619742124074, ""mip_intensify"": 3.415406648890879, ""remove_fix"": 2.020376078376374, ""station_capacity_fix"": 0.95, ""station_prune_fix"": 0.48767497911552943, ""swap_fix"": 2.723799664546563}"
81,1d529f435e,301,10,10,0,5,2,0,19,1078515.3612064177,19712.551206417575,32281699.83448389,24999353.92,646.0799999982119,0.9999741568000001,3,2354,True,19712.0,0.0,0.8663665184400016,0,0.0,897.2498615389986,1.2183162946493142,75.08637129200807,"{""add_fix"": 0.9581088469481222, ""crossover_fix"": 5.846984317266976, ""mip_intensify"": 3.244636316446335, ""remove_fix"": 2.020376078376374, ""station_capacity_fix"": 0.95, ""station_prune_fix"": 0.48767497911552943, ""swap_fix"": 3.458229197253273}"
82,1d529f435e,301,10,10,3,2,2,1,0,1078515.3612064177,19712.551206417575,32281318.784533318,24999794.4,205.60000000149012,0.9999917759999999,3,2355,True,19712.0,0.0,0.8664944240371555,0,0.0,896.9276750534328,1.2111670051210301,75.0968111883837,"{""add_fix"": 0.9581088469481222, ""crossover_fix"": 5.762405270065934, ""mip_intensify"": 3.244636316446335, ""remove_fix"": 1.919357274457555, ""station_capacity_fix"": 0.95, ""station_prune_fix"": 0.48767497911552943, ""swap_fix"": 3.458229197253273}"
83,1d529f435e,301,10,10,3,2,2,0,1,1078515.3612064177,19712.551206417575,32281318.784533318,24999794.4,205.60000000149012,0.9999917759999999,3,2355,True,19712.0,0.0,0.8664944240371555,0,0.0,896.9276750534328,1.2111670051210301,75.0968111883837,"{""add_fix"": 0.8646932343706801, ""crossover_fix"": 5.474285006562638, ""mip_intensify"": 3.082404500624018, ""remove_fix"": 1.919357274457555, ""station_capacity_fix"": 0.95, ""station_prune_fix"": 0.48767497911552943, ""swap_fix"": 3.285317737390609}"
84,1d529f435e,301,10,10,3,2,2,0,2,1078515.3612064177,19712.551206417575,32281318.784533318,24999794.4,205.60000000149012,0.9999917759999999,3,2355,True,19712.0,0.0,0.8664944240371555,0,0.0,896.9276750534328,1.2111670051210301,75.0968111883837,"{""add_fix"": 0.8646932343706801, ""crossover_fix"": 5.693515107501641, ""mip_intensify"": 3.082404500624018, ""remove_fix"": 1.919357274457555, ""station_capacity_fix"": 0.95, ""station_prune_fix"": 0.48767497911552943, ""swap_fix"": 2.9649992579950246}"
85,1d529f435e,301,10,10,1,4,2,0,3,1078515.3612064177,19712.551206417575,32281318.784533318,24999794.4,205.60000000149012,0.9999917759999999,3,2355,True,19712.0,0.0,0.8664944240371555,0,0.0,896.9276750534328,1.2111670051210301,75.0968111883837,"{""add_fix"": 0.8646932343706801, ""crossover_fix"": 5.4088393521265585, ""mip_intensify"": 3.082404500624018, ""remove_fix"": 1.8233894107346773, ""station_capacity_fix"": 0.95, ""station_prune_fix"": 0.48767497911552943, ""swap_fix"": 4.492116238823484}"
86,1d529f435e,301,10,10,2,3,2,0,4,1078515.3612064177,19712.551206417575,32281318.784533318,24999794.4,205.60000000149012,0.9999917759999999,3,2355,True,19712.0,0.0,0.8664944240371555,0,0.0,896.9276750534328,1.2111670051210301,75.0968111883837,"{""add_fix"": 0.8646932343706801, ""crossover_fix"": 5.881477515294218, ""mip_intensify"": 2.928284275592817, ""remove_fix"": 1.7322199401979435, ""station_capacity_fix"": 0.95, ""station_prune_fix"": 0.48767497911552943, ""swap_fix"": 4.26751042688231}"
87,1d529f435e,301,10,10,0,5,2,0,5,1078515.3612064177,19712.551206417575,32281318.784533318,24999794.4,205.60000000149012,0.9999917759999999,3,2355,True,19712.0,0.0,0.8664944240371555,0,0.0,896.9276750534328,1.2111670051210301,75.0968111883837,"{""add_fix"": 0.8646932343706801, ""crossover_fix"": 6.308033457553031, ""mip_intensify"": 2.928284275592817, ""remove_fix"": 1.6456089431880463, ""station_capacity_fix"": 0.95, ""station_prune_fix"": 0.48767497911552943, ""swap_fix"": 5.801428160261284}"
88,1d529f435e,301,9,9,2,3,2,0,6,1078515.3612064177,19712.551206417575,32281318.784533318,24999794.4,205.60000000149012,0.9999917759999999,3,2355,True,19712.0,0.0,0.8664944240371555,0,0.0,896.9276750534328,1.2111670051210301,75.0968111883837,"{""add_fix"": 0.8214585726521461, ""crossover_fix"": 5.69300019544161, ""mip_intensify"": 2.781870061813176, ""remove_fix"": 1.6456089431880463, ""station_capacity_fix"": 0.95, ""station_prune_fix"": 0.48767497911552943, ""swap_fix"": 6.511356752248219}"
89,1d529f435e,301,10,10,2,3,2,0,7,1078515.3612064177,19712.551206417575,32281318.784533318,24999794.4,205.60000000149012,0.9999917759999999,3,2355,True,19712.0,0.0,0.8664944240371555,0,0.0,896.9276750534328,1.2111670051210301,75.0968111883837,"{""add_fix"": 0.8214585726521461, ""crossover_fix"": 5.408350185669529, ""mip_intensify"": 2.781870061813176, ""remove_fix"": 1.6456089431880463, ""station_capacity_fix"": 0.95, ""station_prune_fix"": 0.48767497911552943, ""swap_fix"": 6.303540770685876}"
90,6d38f9af67,303,10,10,0,5,2,0,8,1078515.3612064177,19712.551206417575,32281318.784533318,24999794.4,205.60000000149012,0.9999917759999999,3,2355,True,19712.0,0.0,0.8664944240371555,0,0.0,896.9276750534328,1.2111670051210301,75.0968111883837,"{""add_fix"": 0.8214585726521461, ""crossover_fix"": 5.137932676386052, ""mip_intensify"": 2.781870061813176, ""remove_fix"": 2.563328496028644, ""station_capacity_fix"": 0.95, ""station_prune_fix"": 0.48767497911552943, ""swap_fix"": 7.354498268266802}"
91,6d38f9af67,303,9,9,1,4,2,0,9,1078515.3612064177,19712.551206417575,32281318.784533318,24999794.4,205.60000000149012,0.9999917759999999,3,2355,True,19712.0,0.0,0.8664944240371555,0,0.0,896.9276750534328,1.2111670051210301,75.0968111883837,"{""add_fix"": 0.8214585726521461, ""crossover_fix"": 5.636984240438411, ""mip_intensify"": 2.642776558722517, ""remove_fix"": 2.563328496028644, ""station_capacity_fix"": 0.95, ""station_prune_fix"": 0.48767497911552943, ""swap_fix"": 8.587434687110788}"
92,6d38f9af67,303,9,9,1,4,2,0,10,1078515.3612064177,19712.551206417575,32281318.784533318,24999794.4,205.60000000149012,0.9999917759999999,3,2355,True,19712.0,0.0,0.8664944240371555,0,0.0,896.9276750534328,1.2111670051210301,75.0968111883837,"{""add_fix"": 0.8214585726521461, ""crossover_fix"": 5.636984240438411, ""mip_intensify"": 2.642776558722517, ""remove_fix"": 2.563328496028644, ""station_capacity_fix"": 0.95, ""station_prune_fix"": 0.48767497911552943, ""swap_fix"": 8.594793262912603}"
93,6d38f9af67,303,10,10,1,4,2,0,11,1078515.3612064177,19712.551206417575,32281318.784533318,24999794.4,205.60000000149012,0.9999917759999999,3,2355,True,19712.0,0.0,0.8664944240371555,0,0.0,896.9276750534328,1.2111670051210301,75.0968111883837,"{""add_fix"": 0.8214585726521461, ""crossover_fix"": 5.636984240438411, ""mip_intensify"": 2.510637730786391, ""remove_fix"": 2.563328496028644, ""station_capacity_fix"": 0.95, ""station_prune_fix"": 0.48767497911552943, ""swap_fix"": 8.950512830100209}"
94,6d38f9af67,303,9,9,3,2,2,0,12,1078515.3612064177,19712.551206417575,32281318.784533318,24999794.4,205.60000000149012,0.9999917759999999,3,2355,True,19712.0,0.0,0.8664944240371555,0,0.0,896.9276750534328,1.2111670051210301,75.0968111883837,"{""add_fix"": 0.7803856440195387, ""crossover_fix"": 5.636984240438411, ""mip_intensify"": 2.510637730786391, ""remove_fix"": 2.563328496028644, ""station_capacity_fix"": 0.95, ""station_prune_fix"": 0.48767497911552943, ""swap_fix"": 7.290248640821806}"
95,6d38f9af67,303,10,10,2,3,2,0,13,1078515.3612064177,19712.551206417575,32281318.784533318,24999794.4,205.60000000149012,0.9999917759999999,3,2355,True,19712.0,0.0,0.8664944240371555,0,0.0,896.9276750534328,1.2111670051210301,75.0968111883837,"{""add_fix"": 0.7803856440195387, ""crossover_fix"": 5.35513502841649, ""mip_intensify"": 2.385105844247071, ""remove_fix"": 2.563328496028644, ""station_capacity_fix"": 0.95, ""station_prune_fix"": 0.48767497911552943, ""swap_fix"": 7.250476928424596}"
96,6d38f9af67,303,10,10,2,3,2,0,14,1078515.3612064177,19712.551206417575,32281318.784533318,24999794.4,205.60000000149012,0.9999917759999999,3,2355,True,19712.0,0.0,0.8664944240371555,0,0.0,896.9276750534328,1.2111670051210301,75.0968111883837,"{""add_fix"": 0.7042980437276336, ""crossover_fix"": 5.35513502841649, ""mip_intensify"": 2.385105844247071, ""remove_fix"": 3.4351620712272117, ""station_capacity_fix"": 0.95, ""station_prune_fix"": 0.48767497911552943, ""swap_fix"": 6.543555427903197}"
97,6d38f9af67,303,8,8,4,1,1,0,15,1078515.3612064177,19712.551206417575,32281318.784533318,24999794.4,205.60000000149012,0.9999917759999999,3,2355,True,19712.0,0.0,0.8664944240371555,0,0.0,896.9276750534328,1.2111670051210301,75.0968111883837,"{""add_fix"": 0.7042980437276336, ""crossover_fix"": 5.087378276995666, ""mip_intensify"": 2.2658505520347174, ""remove_fix"": 3.4351620712272117, ""station_capacity_fix"": 0.95, ""station_prune_fix"": 0.48767497911552943, ""swap_fix"": 5.610280834998503}"
98,6d38f9af67,303,9,9,1,4,2,0,16,1078515.3612064177,19712.551206417575,32281318.784533318,24999794.4,205.60000000149012,0.9999917759999999,3,2355,True,19712.0,0.0,0.8664944240371555,0,0.0,896.9276750534328,1.2111670051210301,75.0968111883837,"{""add_fix"": 0.7042980437276336, ""crossover_fix"": 5.88651633259084, ""mip_intensify"": 2.2658505520347174, ""remove_fix"": 3.4351620712272117, ""station_capacity_fix"": 0.95, ""station_prune_fix"": 0.48767497911552943, ""swap_fix"": 5.610280834998503}"
99,6d38f9af67,303,9,9,3,2,2,0,17,1078515.3612064177,19712.551206417575,32281318.784533318,24999794.4,205.60000000149012,0.9999917759999999,3,2355,True,19712.0,0.0,0.8664944240371555,0,0.0,896.9276750534328,1.2111670051210301,75.0968111883837,"{""add_fix"": 0.7042980437276336, ""crossover_fix"": 5.04695194065507, ""mip_intensify"": 2.2658505520347174, ""remove_fix"": 3.4351620712272117, ""station_capacity_fix"": 0.95, ""station_prune_fix"": 0.48767497911552943, ""swap_fix"": 5.063278453586149}"
100,c9b11f0016,301,9,9,2,3,2,0,18,1078515.3612064177,19712.551206417575,32281318.784533318,24999794.4,205.60000000149012,0.9999917759999999,3,2355,True,19712.0,0.0,0.8664944240371555,0,0.0,896.9276750534328,1.2111670051210301,75.0968111883837,"{""add_fix"": 0.6690831415412519, ""crossover_fix"": 5.794604343622317, ""mip_intensify"": 2.2658505520347174, ""remove_fix"": 3.263403967665851, ""station_capacity_fix"": 0.95, ""station_prune_fix"": 0.48767497911552943, ""swap_fix"": 5.569608804361499}"
