generation,focus_id,focus_nodes,children_generated,focus_evaluated,screened_out,full_screen_evaluated,high_fidelity_evaluated,new_best_count,stable_best_generations,best_served_total,best_served_ev,best_system_time_min,best_cost_usd,best_budget_remaining_usd,best_budget_utilization,best_station_count,best_road_count,best_hard_feasible,best_ev_completion_target,best_completion_shortfall,best_max_station_utilization,best_unstable_station_count,best_feasibility_violation,operator_weights_json
1,1392cdb628,301,10,10,5,0,0,0,1,1078515.3612064177,19712.55120641756,35831254.38989762,4999800.0,200.0,0.99996,3,177,True,19712.0,0.0,0.9678407723779067,0,0.0,"{""add_fix"": 0.8573749999999999, ""crossover_fix"": 1.0, ""mip_intensify"": 1.0, ""remove_fix"": 0.95, ""station_capacity_fix"": 1.0, ""swap_fix"": 0.95}"
2,1392cdb628,301,10,10,5,0,0,0,2,1078515.3612064177,19712.55120641756,35831254.38989762,4999800.0,200.0,0.99996,3,177,True,19712.0,0.0,0.9678407723779067,0,0.0,"{""add_fix"": 0.8145062499999999, ""crossover_fix"": 1.0, ""mip_intensify"": 1.0, ""remove_fix"": 0.9025, ""station_capacity_fix"": 1.0, ""swap_fix"": 0.8145062499999999}"
3,1392cdb628,301,10,10,5,0,0,0,3,1078515.3612064177,19712.55120641756,35831254.38989762,4999800.0,200.0,0.99996,3,177,True,19712.0,0.0,0.9678407723779067,0,0.0,"{""add_fix"": 0.8145062499999999, ""crossover_fix"": 1.0, ""mip_intensify"": 0.95, ""remove_fix"": 0.8145062499999999, ""station_capacity_fix"": 1.0, ""swap_fix"": 0.7350918906249998}"
4,1392cdb628,301,10,10,4,1,1,0,4,1078515.3612064177,19712.55120641756,35831254.38989762,4999800.0,200.0,0.99996,3,177,True,19712.0,0.0,0.9678407723779067,0,0.0,"{""add_fix"": 1.6634204312890621, ""crossover_fix"": 1.0, ""mip_intensify"": 0.9025, ""remove_fix"": 0.8145062499999999, ""station_capacity_fix"": 1.0, ""swap_fix"": 0.7350918906249998}"
5,1392cdb628,301,10,10,5,0,0,0,5,1078515.3612064177,19712.55120641756,35831254.38989762,4999800.0,200.0,0.99996,3,177,True,19712.0,0.0,0.9678407723779067,0,0.0,"{""add_fix"": 1.5012369392383784, ""crossover_fix"": 1.0, ""mip_intensify"": 0.8573749999999999, ""remove_fix"": 0.7737809374999999, ""station_capacity_fix"": 1.0, ""swap_fix"": 0.6983372960937497}"
6,1392cdb628,301,10,10,5,0,0,0,6,1078515.3612064177,19712.55120641756,35831254.38989762,4999800.0,200.0,0.99996,3,177,True,19712.0,0.0,0.9678407723779067,0,0.0,"{""add_fix"": 1.5012369392383784, ""crossover_fix"": 0.95, ""mip_intensify"": 0.8573749999999999, ""remove_fix"": 0.6983372960937497, ""station_capacity_fix"": 1.0, ""swap_fix"": 0.6302494097246091}"
7,1392cdb628,301,10,10,5,0,0,0,7,1078515.3612064177,19712.55120641756,35831254.38989762,4999800.0,200.0,0.99996,3,177,True,19712.0,0.0,0.9678407723779067,0,0.0,"{""add_fix"": 1.4261750922764593, ""crossover_fix"": 0.95, ""mip_intensify"": 0.8145062499999999, ""remove_fix"": 0.6634204312890623, ""station_capacity_fix"": 1.0, ""swap_fix"": 0.5688000922764596}"
8,1392cdb628,301,10,10,5,0,0,0,8,1078515.3612064177,19712.55120641756,35831254.38989762,4999800.0,200.0,0.99996,3,177,True,19712.0,0.0,0.9678407723779067,0,0.0,"{""add_fix"": 1.2871230207795044, ""crossover_fix"": 0.9025, ""mip_intensify"": 0.8145062499999999, ""remove_fix"": 0.6634204312890623, ""station_capacity_fix"": 1.0, ""swap_fix"": 0.5133420832795047}"
9,1392cdb628,301,10,10,5,0,0,0,9,1078515.3612064177,19712.55120641756,35831254.38989762,4999800.0,200.0,0.99996,3,177,True,19712.0,0.0,0.9678407723779067,0,0.0,"{""add_fix"": 1.2871230207795044, ""crossover_fix"": 0.9025, ""mip_intensify"": 0.8145062499999999, ""remove_fix"": 0.5403600876626365, ""station_capacity_fix"": 1.0, ""swap_fix"": 0.48767497911552943}"
10,e0abbcfe9a,297,9,9,5,0,0,0,10,1078515.3612064177,19712.55120641756,35831254.38989762,4999800.0,200.0,0.99996,3,177,True,19712.0,0.0,0.9678407723779067,0,0.0,"{""add_fix"": 1.1616285262535027, ""crossover_fix"": 0.8573749999999999, ""mip_intensify"": 0.8145062499999999, ""remove_fix"": 0.5133420832795047, ""station_capacity_fix"": 1.0, ""swap_fix"": 0.46329123015975293}"
11,e0abbcfe9a,297,10,10,4,1,1,0,11,1078515.3612064177,19712.55120641756,35831254.38989762,4999800.0,200.0,0.99996,3,177,True,19712.0,0.0,0.9678407723779067,0,0.0,"{""add_fix"": 0.9959512576965968, ""crossover_fix"": 0.8573749999999999, ""mip_intensify"": 0.8145062499999999, ""remove_fix"": 0.48767497911552943, ""station_capacity_fix"": 1.0, ""swap_fix"": 0.44012666865176525}"
12,e0abbcfe9a,297,10,10,4,1,1,0,12,1078515.3612064177,19712.55120641756,35831254.38989762,4999800.0,200.0,0.99996,3,177,True,19712.0,0.0,0.9678407723779067,0,0.0,"{""add_fix"": 0.8988460100711785, ""crossover_fix"": 1.7737809374999998, ""mip_intensify"": 0.8145062499999999, ""remove_fix"": 0.48767497911552943, ""station_capacity_fix"": 1.0, ""swap_fix"": 0.41812033521917696}"
13,e0abbcfe9a,297,10,10,4,1,1,0,13,1078515.3612064177,19712.55120641756,35831254.38989762,4999800.0,200.0,0.99996,3,177,True,19712.0,0.0,0.9678407723779067,0,0.0,"{""add_fix"": 0.8112085240892385, ""crossover_fix"": 1.6850918906249996, ""mip_intensify"": 1.7737809374999998, ""remove_fix"": 0.46329123015975293, ""station_capacity_fix"": 1.0, ""swap_fix"": 0.41812033521917696}"
14,e0abbcfe9a,297,10,10,5,0,0,0,14,1078515.3612064177,19712.55120641756,35831254.38989762,4999800.0,200.0,0.99996,3,177,True,19712.0,0.0,0.9678407723779067,0,0.0,"{""add_fix"": 0.8112085240892385, ""crossover_fix"": 1.5207954312890621, ""mip_intensify"": 1.7737809374999998, ""remove_fix"": 0.44012666865176525, ""station_capacity_fix"": 1.0, ""swap_fix"": 0.37735360253530714}"
15,e0abbcfe9a,297,10,10,5,0,0,0,15,1078515.3612064177,19712.55120641756,35831254.38989762,4999800.0,200.0,0.99996,3,177,True,19712.0,0.0,0.9678407723779067,0,0.0,"{""add_fix"": 0.8112085240892385, ""crossover_fix"": 1.444755659724609, ""mip_intensify"": 1.6850918906249996, ""remove_fix"": 0.3972143184582181, ""station_capacity_fix"": 1.0, ""swap_fix"": 0.35848592240854177}"
16,e0abbcfe9a,297,10,10,5,0,0,0,16,1078515.3612064177,19712.55120641756,35831254.38989762,4999800.0,200.0,0.99996,3,177,True,19712.0,0.0,0.9678407723779067,0,0.0,"{""add_fix"": 0.7706480978847765, ""crossover_fix"": 1.444755659724609, ""mip_intensify"": 1.6850918906249996, ""remove_fix"": 0.3972143184582181, ""station_capacity_fix"": 1.0, ""swap_fix"": 0.2919890243387723}"
17,e0abbcfe9a,297,10,10,4,1,1,0,17,1078515.3612064177,19712.55120641756,35831254.38989762,4999800.0,200.0,0.99996,3,177,True,19712.0,0.0,0.9678407723779067,0,0.0,"{""add_fix"": 0.6607344129239602, ""crossover_fix"": 1.3725178767383786, ""mip_intensify"": 1.6850918906249996, ""remove_fix"": 0.37735360253530714, ""station_capacity_fix"": 1.0, ""swap_fix"": 0.2919890243387723}"
18,e0abbcfe9a,297,8,8,4,1,1,0,18,1078515.3612064177,19712.55120641756,35831254.38989762,4999800.0,200.0,0.99996,3,177,True,19712.0,0.0,0.9678407723779067,0,0.0,"{""add_fix"": 0.5963128076638741, ""crossover_fix"": 2.3038919829014595, ""mip_intensify"": 1.6850918906249996, ""remove_fix"": 0.37735360253530714, ""station_capacity_fix"": 1.0, ""swap_fix"": 0.263520094465742}"
19,e0abbcfe9a,297,10,10,5,0,0,0,19,1078515.3612064177,19712.55120641756,35831254.38989762,4999800.0,200.0,0.99996,3,177,True,19712.0,0.0,0.9678407723779067,0,0.0,"{""add_fix"": 0.5963128076638741, ""crossover_fix"": 2.1886973837563866, ""mip_intensify"": 1.6850918906249996, ""remove_fix"": 0.35848592240854177, ""station_capacity_fix"": 1.0, ""swap_fix"": 0.25}"
20,dc179c69a2,298,10,10,5,0,0,1,0,1078515.3612064177,19712.55120641756,35828569.61860677,4999800.0,200.0,0.99996,3,181,True,19712.0,0.0,0.9678413401304983,0,0.0,"{""add_fix"": 0.5664971672806803, ""crossover_fix"": 1.975299388840139, ""mip_intensify"": 1.6850918906249996, ""remove_fix"": 0.35848592240854177, ""station_capacity_fix"": 1.0, ""swap_fix"": 0.25}"
21,dc179c69a2,298,10,10,4,1,1,0,1,1078515.3612064177,19712.55120641756,35828569.61860677,4999800.0,200.0,0.99996,3,181,True,19712.0,0.0,0.9678413401304983,0,0.0,"{""add_fix"": 0.5664971672806803, ""crossover_fix"": 1.6088936978314732, ""mip_intensify"": 1.6008372960937496, ""remove_fix"": 0.35848592240854177, ""station_capacity_fix"": 1.0, ""swap_fix"": 0.25}"
22,dc179c69a2,298,10,10,5,0,0,0,2,1078515.3612064177,19712.55120641756,35828569.61860677,4999800.0,200.0,0.99996,3,181,True,19712.0,0.0,0.9678413401304983,0,0.0,"{""add_fix"": 0.5381723089166462, ""crossover_fix"": 1.6088936978314732, ""mip_intensify"": 1.3725178767383786, ""remove_fix"": 0.34056162628811465, ""station_capacity_fix"": 1.0, ""swap_fix"": 0.25}"
23,dc179c69a2,298,10,10,5,0,0,0,3,1078515.3612064177,19712.55120641756,35828569.61860677,4999800.0,200.0,0.99996,3,181,True,19712.0,0.0,0.9678413401304983,0,0.0,"{""add_fix"": 0.5381723089166462, ""crossover_fix"": 1.5284490129398995, ""mip_intensify"": 1.3038919829014595, ""remove_fix"": 0.34056162628811465, ""station_capacity_fix"": 1.0, ""swap_fix"": 0.25}"
24,dc179c69a2,298,10,10,5,0,0,0,4,1078515.3612064177,19712.55120641756,35828569.61860677,4999800.0,200.0,0.99996,3,181,True,19712.0,0.0,0.9678413401304983,0,0.0,"{""add_fix"": 0.48570050879727317, ""crossover_fix"": 1.4520265622929045, ""mip_intensify"": 1.3038919829014595, ""remove_fix"": 0.3235335449737089, ""station_capacity_fix"": 1.0, ""swap_fix"": 0.25}"
25,dc179c69a2,298,10,10,5,0,0,0,5,1078515.3612064177,19712.55120641756,35828569.61860677,4999800.0,200.0,0.99996,3,181,True,19712.0,0.0,0.9678413401304983,0,0.0,"{""add_fix"": 0.4614154833574095, ""crossover_fix"": 1.3794252341782591, ""mip_intensify"": 1.3038919829014595, ""remove_fix"": 0.2919890243387723, ""station_capacity_fix"": 1.0, ""swap_fix"": 0.25}"
26,dc179c69a2,298,10,10,5,0,0,0,6,1078515.3612064177,19712.55120641756,35828569.61860677,4999800.0,200.0,0.99996,3,181,True,19712.0,0.0,0.9678413401304983,0,0.0,"{""add_fix"": 0.4614154833574095, ""crossover_fix"": 1.2449312738458786, ""mip_intensify"": 1.2386973837563864, ""remove_fix"": 0.27738957312183365, ""station_capacity_fix"": 1.0, ""swap_fix"": 0.25}"
27,dc179c69a2,298,9,9,5,0,0,0,7,1078515.3612064177,19712.55120641756,35828569.61860677,4999800.0,200.0,0.99996,3,181,True,19712.0,0.0,0.9678413401304983,0,0.0,"{""add_fix"": 0.416427473730062, ""crossover_fix"": 1.2449312738458786, ""mip_intensify"": 1.1179243888401384, ""remove_fix"": 0.27738957312183365, ""station_capacity_fix"": 1.0, ""swap_fix"": 0.25}"
28,dc179c69a2,298,10,10,5,0,0,0,8,1078515.3612064177,19712.55120641756,35828569.61860677,4999800.0,200.0,0.99996,3,181,True,19712.0,0.0,0.9678413401304983,0,0.0,"{""add_fix"": 0.35703450528931185, ""crossover_fix"": 1.1826847101535847, ""mip_intensify"": 1.1179243888401384, ""remove_fix"": 0.27738957312183365, ""station_capacity_fix"": 1.0, ""swap_fix"": 0.25}"
29,dc179c69a2,298,10,10,5,0,0,0,9,1078515.3612064177,19712.55120641756,35828569.61860677,4999800.0,200.0,0.99996,3,181,True,19712.0,0.0,0.9678413401304983,0,0.0,"{""add_fix"": 0.33918278002484625, ""crossover_fix"": 1.0140043033679296, ""mip_intensify"": 1.1179243888401384, ""remove_fix"": 0.27738957312183365, ""station_capacity_fix"": 1.0, ""swap_fix"": 0.25}"
30,de763cc9b4,302,10,10,5,0,0,0,10,1078515.3612064177,19712.55120641756,35828569.61860677,4999800.0,200.0,0.99996,3,181,True,19712.0,0.0,0.9678413401304983,0,0.0,"{""add_fix"": 0.33918278002484625, ""crossover_fix"": 0.9151388837895563, ""mip_intensify"": 1.0089267609282249, ""remove_fix"": 0.27738957312183365, ""station_capacity_fix"": 1.0, ""swap_fix"": 0.25}"
31,de763cc9b4,302,10,10,5,0,0,0,11,1078515.3612064177,19712.55120641756,35828569.61860677,4999800.0,200.0,0.99996,3,181,True,19712.0,0.0,0.9678413401304983,0,0.0,"{""add_fix"": 0.3222236410236039, ""crossover_fix"": 0.8259128426200745, ""mip_intensify"": 1.0089267609282249, ""remove_fix"": 0.27738957312183365, ""station_capacity_fix"": 1.0, ""swap_fix"": 0.25}"
32,de763cc9b4,302,9,9,4,1,1,1,0,1078515.3612064177,19712.551206417553,35827942.625344336,4999800.0,200.0,0.99996,3,188,True,19712.0,0.0,0.96789186452641,0,0.0,"{""add_fix"": 0.3222236410236039, ""crossover_fix"": 1.7453863404646173, ""mip_intensify"": 0.8650285816508367, ""remove_fix"": 0.27738957312183365, ""station_capacity_fix"": 1.0, ""swap_fix"": 0.25}"
33,de763cc9b4,302,10,10,5,0,0,0,1,1078515.3612064177,19712.551206417553,35827942.625344336,4999800.0,200.0,0.99996,3,188,True,19712.0,0.0,0.96789186452641,0,0.0,"{""add_fix"": 0.3222236410236039, ""crossover_fix"": 1.575211172269317, ""mip_intensify"": 0.8217771525682949, ""remove_fix"": 0.263520094465742, ""station_capacity_fix"": 1.0, ""swap_fix"": 0.25}"
34,de763cc9b4,302,9,9,5,0,0,0,2,1078515.3612064177,19712.551206417553,35827942.625344336,4999800.0,200.0,0.99996,3,188,True,19712.0,0.0,0.96789186452641,0,0.0,"{""add_fix"": 0.2908068360238025, ""crossover_fix"": 1.496450613655851, ""mip_intensify"": 0.7806882949398801, ""remove_fix"": 0.25034408974245487, ""station_capacity_fix"": 1.0, ""swap_fix"": 0.25}"
35,de763cc9b4,302,10,10,5,0,0,0,3,1078515.3612064177,19712.551206417553,35827942.625344336,4999800.0,200.0,0.99996,3,188,True,19712.0,0.0,0.96789186452641,0,0.0,"{""add_fix"": 0.2908068360238025, ""crossover_fix"": 1.496450613655851, ""mip_intensify"": 0.741653880192886, ""remove_fix"": 0.25, ""station_capacity_fix"": 1.0, ""swap_fix"": 0.25}"
36,de763cc9b4,302,10,10,5,0,0,0,4,1078515.3612064177,19712.551206417553,35827942.625344336,4999800.0,200.0,0.99996,3,188,True,19712.0,0.0,0.96789186452641,0,0.0,"{""add_fix"": 0.27626649422261235, ""crossover_fix"": 1.4216280829730585, ""mip_intensify"": 0.7045711861832417, ""remove_fix"": 0.25, ""station_capacity_fix"": 1.0, ""swap_fix"": 0.25}"
37,de763cc9b4,302,9,9,5,0,0,0,5,1078515.3612064177,19712.551206417553,35827942.625344336,4999800.0,200.0,0.99996,3,188,True,19712.0,0.0,0.96789186452641,0,0.0,"{""add_fix"": 0.27626649422261235, ""crossover_fix"": 1.3505466788244056, ""mip_intensify"": 0.6040817207538567, ""remove_fix"": 0.25, ""station_capacity_fix"": 1.0, ""swap_fix"": 0.25}"
38,de763cc9b4,302,10,10,5,0,0,0,6,1078515.3612064177,19712.551206417553,35827942.625344336,4999800.0,200.0,0.99996,3,188,True,19712.0,0.0,0.96789186452641,0,0.0,"{""add_fix"": 0.27626649422261235, ""crossover_fix"": 1.218868377639026, ""mip_intensify"": 0.5451837529803556, ""remove_fix"": 0.25, ""station_capacity_fix"": 1.0, ""swap_fix"": 0.25}"
39,de763cc9b4,302,10,10,5,0,0,0,7,1078515.3612064177,19712.551206417553,35827942.625344336,4999800.0,200.0,0.99996,3,188,True,19712.0,0.0,0.96789186452641,0,0.0,"{""add_fix"": 0.27626649422261235, ""crossover_fix"": 1.1000287108192208, ""mip_intensify"": 0.5451837529803556, ""remove_fix"": 0.25, ""station_capacity_fix"": 1.0, ""swap_fix"": 0.25}"
40,07687d9f43,303,10,10,5,0,0,0,8,1078515.3612064177,19712.551206417553,35827942.625344336,4999800.0,200.0,0.99996,3,188,True,19712.0,0.0,0.96789186452641,0,0.0,"{""add_fix"": 0.25, ""crossover_fix"": 1.0450272752782597, ""mip_intensify"": 0.5451837529803556, ""remove_fix"": 0.25, ""station_capacity_fix"": 1.0, ""swap_fix"": 0.25}"
41,07687d9f43,303,10,10,4,1,1,0,9,1078515.3612064177,19712.551206417553,35827942.625344336,4999800.0,200.0,0.99996,3,188,True,19712.0,0.0,0.96789186452641,0,0.0,"{""add_fix"": 0.25, ""crossover_fix"": 0.9927759115143466, ""mip_intensify"": 0.5179245653313378, ""remove_fix"": 0.25, ""station_capacity_fix"": 1.0, ""swap_fix"": 0.25}"
42,07687d9f43,303,10,10,5,0,0,0,10,1078515.3612064177,19712.551206417553,35827942.625344336,4999800.0,200.0,0.99996,3,188,True,19712.0,0.0,0.96789186452641,0,0.0,"{""add_fix"": 0.25, ""crossover_fix"": 0.9431371159386293, ""mip_intensify"": 0.4920283370647709, ""remove_fix"": 0.25, ""station_capacity_fix"": 1.0, ""swap_fix"": 0.25}"
43,07687d9f43,303,10,10,5,0,0,0,11,1078515.3612064177,19712.551206417553,35827942.625344336,4999800.0,200.0,0.99996,3,188,True,19712.0,0.0,0.96789186452641,0,0.0,"{""add_fix"": 0.25, ""crossover_fix"": 0.8511812471346129, ""mip_intensify"": 0.4674269202115323, ""remove_fix"": 0.25, ""station_capacity_fix"": 1.0, ""swap_fix"": 0.25}"
44,07687d9f43,303,10,10,4,1,1,0,12,1078515.3612064177,19712.551206417553,35827942.625344336,4999800.0,200.0,0.99996,3,188,True,19712.0,0.0,0.96789186452641,0,0.0,"{""add_fix"": 0.25, ""crossover_fix"": 0.768191075538988, ""mip_intensify"": 0.4440555742009557, ""remove_fix"": 0.25, ""station_capacity_fix"": 1.0, ""swap_fix"": 0.25}"
45,07687d9f43,303,10,10,5,0,0,0,13,1078515.3612064177,19712.551206417553,35827942.625344336,4999800.0,200.0,0.99996,3,188,True,19712.0,0.0,0.96789186452641,0,0.0,"{""add_fix"": 0.25, ""crossover_fix"": 0.7297815217620386, ""mip_intensify"": 0.4007601557163625, ""remove_fix"": 0.25, ""station_capacity_fix"": 1.0, ""swap_fix"": 0.25}"
46,07687d9f43,303,10,10,3,2,2,0,14,1078515.3612064177,19712.551206417553,35827942.625344336,4999800.0,200.0,0.99996,3,188,True,19712.0,0.0,0.96789186452641,0,0.0,"{""add_fix"": 1.2375, ""crossover_fix"": 0.6932924456739367, ""mip_intensify"": 0.4007601557163625, ""remove_fix"": 0.25, ""station_capacity_fix"": 1.0, ""swap_fix"": 0.25}"
47,07687d9f43,303,10,10,5,0,0,0,15,1078515.3612064177,19712.551206417553,35827942.625344336,4999800.0,200.0,0.99996,3,188,True,19712.0,0.0,0.96789186452641,0,0.0,"{""add_fix"": 1.2375, ""crossover_fix"": 0.5646910300792068, ""mip_intensify"": 0.3807221479305443, ""remove_fix"": 0.25, ""station_capacity_fix"": 1.0, ""swap_fix"": 0.25}"
48,07687d9f43,303,10,10,4,1,1,0,16,1078515.3612064177,19712.551206417553,35827942.625344336,4999800.0,200.0,0.99996,3,188,True,19712.0,0.0,0.96789186452641,0,0.0,"{""add_fix"": 1.11684375, ""crossover_fix"": 0.5646910300792068, ""mip_intensify"": 0.3616860405340171, ""remove_fix"": 0.25, ""station_capacity_fix"": 1.0, ""swap_fix"": 0.25}"
49,07687d9f43,303,10,10,5,0,0,0,17,1078515.3612064177,19712.551206417553,35827942.625344336,4999800.0,200.0,0.99996,3,188,True,19712.0,0.0,0.96789186452641,0,0.0,"{""add_fix"": 1.11684375, ""crossover_fix"": 0.5364564785752465, ""mip_intensify"": 0.3616860405340171, ""remove_fix"": 0.25, ""station_capacity_fix"": 1.0, ""swap_fix"": 0.25}"
50,34131532b6,300,10,10,4,1,1,1,0,1078515.3612064177,19712.551206417553,35824771.921986744,4999800.0,200.0,0.99996,3,212,True,19712.0,0.0,0.9677407189189947,0,0.0,"{""add_fix"": 2.007951484375, ""crossover_fix"": 0.5096336546464841, ""mip_intensify"": 0.3616860405340171, ""remove_fix"": 0.25, ""station_capacity_fix"": 1.0, ""swap_fix"": 0.25}"
51,34131532b6,300,10,10,5,0,0,0,1,1078515.3612064177,19712.551206417553,35824771.921986744,4999800.0,200.0,0.99996,3,212,True,19712.0,0.0,0.9677407189189947,0,0.0,"{""add_fix"": 1.9075539101562498, ""crossover_fix"": 0.5096336546464841, ""mip_intensify"": 0.34360173850731623, ""remove_fix"": 0.25, ""station_capacity_fix"": 1.0, ""swap_fix"": 0.25}"
52,34131532b6,300,10,10,4,1,1,0,2,1078515.3612064177,19712.551206417553,35824771.921986744,4999800.0,200.0,0.99996,3,212,True,19712.0,0.0,0.9677407189189947,0,0.0,"{""add_fix"": 1.4760288529324934, ""crossover_fix"": 0.5096336546464841, ""mip_intensify"": 0.34360173850731623, ""remove_fix"": 0.25, ""station_capacity_fix"": 1.0, ""swap_fix"": 0.25}"
53,34131532b6,300,10,10,5,0,0,0,3,1078515.3612064177,19712.551206417553,35824771.921986744,4999800.0,200.0,0.99996,3,212,True,19712.0,0.0,0.9677407189189947,0,0.0,"{""add_fix"": 1.2022347258938464, ""crossover_fix"": 0.5096336546464841, ""mip_intensify"": 0.34360173850731623, ""remove_fix"": 0.25, ""station_capacity_fix"": 1.0, ""swap_fix"": 0.25}"
54,34131532b6,300,10,10,5,0,0,0,4,1078515.3612064177,19712.551206417553,35824771.921986744,4999800.0,200.0,0.99996,3,212,True,19712.0,0.0,0.9677407189189947,0,0.0,"{""add_fix"": 0.9792276982075746, ""crossover_fix"": 0.48415197191415993, ""mip_intensify"": 0.34360173850731623, ""remove_fix"": 0.25, ""station_capacity_fix"": 1.0, ""swap_fix"": 0.25}"
55,34131532b6,300,10,10,5,0,0,0,5,1078515.3612064177,19712.551206417553,35824771.921986744,4999800.0,200.0,0.99996,3,212,True,19712.0,0.0,0.9677407189189947,0,0.0,"{""add_fix"": 0.9302663132971958, ""crossover_fix"": 0.4599443733184519, ""mip_intensify"": 0.34360173850731623, ""remove_fix"": 0.25, ""station_capacity_fix"": 1.0, ""swap_fix"": 0.25}"
56,34131532b6,300,10,10,4,1,1,0,6,1078515.3612064177,19712.551206417553,35824771.921986744,4999800.0,200.0,0.99996,3,212,True,19712.0,0.0,0.9677407189189947,0,0.0,"{""add_fix"": 0.7975870803631832, ""crossover_fix"": 0.4599443733184519, ""mip_intensify"": 0.34360173850731623, ""remove_fix"": 0.25, ""station_capacity_fix"": 1.0, ""swap_fix"": 0.25}"
57,34131532b6,300,10,10,4,1,1,0,7,1078515.3612064177,19712.551206417553,35824771.921986744,4999800.0,200.0,0.99996,3,212,True,19712.0,0.0,0.9677407189189947,0,0.0,"{""add_fix"": 0.683831223026384, ""crossover_fix"": 0.43694715465252926, ""mip_intensify"": 0.34360173850731623, ""remove_fix"": 0.25, ""station_capacity_fix"": 1.0, ""swap_fix"": 0.25}"
58,34131532b6,300,10,10,5,0,0,0,8,1078515.3612064177,19712.551206417553,35824771.921986744,4999800.0,200.0,0.99996,3,212,True,19712.0,0.0,0.9677407189189947,0,0.0,"{""add_fix"": 0.6171576787813114, ""crossover_fix"": 0.4150997969199028, ""mip_intensify"": 0.34360173850731623, ""remove_fix"": 0.25, ""station_capacity_fix"": 1.0, ""swap_fix"": 0.25}"
59,34131532b6,300,9,9,5,0,0,0,9,1078515.3612064177,19712.551206417553,35824771.921986744,4999800.0,200.0,0.99996,3,212,True,19712.0,0.0,0.9677407189189947,0,0.0,"{""add_fix"": 0.5862997948422458, ""crossover_fix"": 0.4150997969199028, ""mip_intensify"": 0.34360173850731623, ""remove_fix"": 0.25, ""station_capacity_fix"": 1.0, ""swap_fix"": 0.25}"
60,12be09ca41,303,10,10,5,0,0,0,10,1078515.3612064177,19712.551206417553,35824771.921986744,4999800.0,200.0,0.99996,3,212,True,19712.0,0.0,0.9677407189189947,0,0.0,"{""add_fix"": 0.5291355648451268, ""crossover_fix"": 0.4150997969199028, ""mip_intensify"": 0.3101005690028529, ""remove_fix"": 0.25, ""station_capacity_fix"": 1.0, ""swap_fix"": 0.25}"
61,12be09ca41,303,10,10,5,0,0,0,11,1078515.3612064177,19712.551206417553,35824771.921986744,4999800.0,200.0,0.99996,3,212,True,19712.0,0.0,0.9677407189189947,0,0.0,"{""add_fix"": 0.4775448472727269, ""crossover_fix"": 0.4150997969199028, ""mip_intensify"": 0.26587247534882097, ""remove_fix"": 0.25, ""station_capacity_fix"": 1.0, ""swap_fix"": 0.25}"
62,12be09ca41,303,10,10,5,0,0,0,12,1078515.3612064177,19712.551206417553,35824771.921986744,4999800.0,200.0,0.99996,3,212,True,19712.0,0.0,0.9677407189189947,0,0.0,"{""add_fix"": 0.4775448472727269, ""crossover_fix"": 0.4150997969199028, ""mip_intensify"": 0.2525788515813799, ""remove_fix"": 0.25, ""station_capacity_fix"": 1.0, ""swap_fix"": 0.25}"
63,12be09ca41,303,10,10,5,0,0,0,13,1078515.3612064177,19712.551206417553,35824771.921986744,4999800.0,200.0,0.99996,3,212,True,19712.0,0.0,0.9677407189189947,0,0.0,"{""add_fix"": 0.4775448472727269, ""crossover_fix"": 0.3943448070739076, ""mip_intensify"": 0.25, ""remove_fix"": 0.25, ""station_capacity_fix"": 1.0, ""swap_fix"": 0.25}"
64,12be09ca41,303,10,10,5,0,0,0,14,1078515.3612064177,19712.551206417553,35824771.921986744,4999800.0,200.0,0.99996,3,212,True,19712.0,0.0,0.9677407189189947,0,0.0,"{""add_fix"": 0.430984224663636, ""crossover_fix"": 0.3558961883842016, ""mip_intensify"": 0.25, ""remove_fix"": 0.25, ""station_capacity_fix"": 1.0, ""swap_fix"": 0.25}"
65,12be09ca41,303,10,10,5,0,0,0,15,1078515.3612064177,19712.551206417553,35824771.921986744,4999800.0,200.0,0.99996,3,212,True,19712.0,0.0,0.9677407189189947,0,0.0,"{""add_fix"": 0.4094350134304542, ""crossover_fix"": 0.33810137896499154, ""mip_intensify"": 0.25, ""remove_fix"": 0.25, ""station_capacity_fix"": 1.0, ""swap_fix"": 0.25}"
66,12be09ca41,303,10,10,5,0,0,0,16,1078515.3612064177,19712.551206417553,35824771.921986744,4999800.0,200.0,0.99996,3,212,True,19712.0,0.0,0.9677407189189947,0,0.0,"{""add_fix"": 0.38896326275893145, ""crossover_fix"": 0.33810137896499154, ""mip_intensify"": 0.25, ""remove_fix"": 0.25, ""station_capacity_fix"": 1.0, ""swap_fix"": 0.25}"
67,12be09ca41,303,10,10,4,1,1,0,17,1078515.3612064177,19712.551206417553,35824771.921986744,4999800.0,200.0,0.99996,3,212,True,19712.0,0.0,0.9677407189189947,0,0.0,"{""add_fix"": 0.36951509962098483, ""crossover_fix"": 0.3051364945159048, ""mip_intensify"": 0.25, ""remove_fix"": 0.25, ""station_capacity_fix"": 1.0, ""swap_fix"": 0.25}"
68,12be09ca41,303,10,10,5,0,0,0,18,1078515.3612064177,19712.551206417553,35824771.921986744,4999800.0,200.0,0.99996,3,212,True,19712.0,0.0,0.9677407189189947,0,0.0,"{""add_fix"": 0.36951509962098483, ""crossover_fix"": 0.3051364945159048, ""mip_intensify"": 0.25, ""remove_fix"": 0.25, ""station_capacity_fix"": 1.0, ""swap_fix"": 0.25}"
69,12be09ca41,303,10,10,5,0,0,0,19,1078515.3612064177,19712.551206417553,35824771.921986744,4999800.0,200.0,0.99996,3,212,True,19712.0,0.0,0.9677407189189947,0,0.0,"{""add_fix"": 0.36951509962098483, ""crossover_fix"": 0.3051364945159048, ""mip_intensify"": 0.25, ""remove_fix"": 0.25, ""station_capacity_fix"": 1.0, ""swap_fix"": 0.25}"
70,4252f98217,298,10,10,5,0,0,0,20,1078515.3612064177,19712.551206417553,35824771.921986744,4999800.0,200.0,0.99996,3,212,True,19712.0,0.0,0.9677407189189947,0,0.0,"{""add_fix"": 0.3510393446399356, ""crossover_fix"": 0.3051364945159048, ""mip_intensify"": 0.25, ""remove_fix"": 0.25, ""station_capacity_fix"": 1.0, ""swap_fix"": 0.25}"
71,4252f98217,298,10,10,4,1,1,0,21,1078515.3612064177,19712.551206417553,35824771.921986744,4999800.0,200.0,0.99996,3,212,True,19712.0,0.0,0.9677407189189947,0,0.0,"{""add_fix"": 0.3168130085375418, ""crossover_fix"": 0.28987966979010954, ""mip_intensify"": 0.25, ""remove_fix"": 0.25, ""station_capacity_fix"": 1.0, ""swap_fix"": 0.25}"
72,4252f98217,298,10,10,5,0,0,0,22,1078515.3612064177,19712.551206417553,35824771.921986744,4999800.0,200.0,0.99996,3,212,True,19712.0,0.0,0.9677407189189947,0,0.0,"{""add_fix"": 0.3168130085375418, ""crossover_fix"": 0.28987966979010954, ""mip_intensify"": 0.25, ""remove_fix"": 0.25, ""station_capacity_fix"": 1.0, ""swap_fix"": 0.25}"
73,4252f98217,298,10,10,5,0,0,0,23,1078515.3612064177,19712.551206417553,35824771.921986744,4999800.0,200.0,0.99996,3,212,True,19712.0,0.0,0.9677407189189947,0,0.0,"{""add_fix"": 0.3009723581106647, ""crossover_fix"": 0.26161640198557384, ""mip_intensify"": 0.25, ""remove_fix"": 0.25, ""station_capacity_fix"": 1.0, ""swap_fix"": 0.25}"
74,4252f98217,298,10,10,5,0,0,0,24,1078515.3612064177,19712.551206417553,35824771.921986744,4999800.0,200.0,0.99996,3,212,True,19712.0,0.0,0.9677407189189947,0,0.0,"{""add_fix"": 0.28592374020513145, ""crossover_fix"": 0.26161640198557384, ""mip_intensify"": 0.25, ""remove_fix"": 0.25, ""station_capacity_fix"": 1.0, ""swap_fix"": 0.25}"
75,4252f98217,298,10,10,5,0,0,0,25,1078515.3612064177,19712.551206417553,35824771.921986744,4999800.0,200.0,0.99996,3,212,True,19712.0,0.0,0.9677407189189947,0,0.0,"{""add_fix"": 0.28592374020513145, ""crossover_fix"": 0.26161640198557384, ""mip_intensify"": 0.25, ""remove_fix"": 0.25, ""station_capacity_fix"": 1.0, ""swap_fix"": 0.25}"
76,4252f98217,298,10,10,5,0,0,0,26,1078515.3612064177,19712.551206417553,35824771.921986744,4999800.0,200.0,0.99996,3,212,True,19712.0,0.0,0.9677407189189947,0,0.0,"{""add_fix"": 0.28592374020513145, ""crossover_fix"": 0.26161640198557384, ""mip_intensify"": 0.25, ""remove_fix"": 0.25, ""station_capacity_fix"": 1.0, ""swap_fix"": 0.25}"
77,4252f98217,298,10,10,5,0,0,0,27,1078515.3612064177,19712.551206417553,35824771.921986744,4999800.0,200.0,0.99996,3,212,True,19712.0,0.0,0.9677407189189947,0,0.0,"{""add_fix"": 0.28592374020513145, ""crossover_fix"": 0.25, ""mip_intensify"": 0.25, ""remove_fix"": 0.25, ""station_capacity_fix"": 1.0, ""swap_fix"": 0.25}"
78,4252f98217,298,10,10,5,0,0,0,28,1078515.3612064177,19712.551206417553,35824771.921986744,4999800.0,200.0,0.99996,3,212,True,19712.0,0.0,0.9677407189189947,0,0.0,"{""add_fix"": 0.27162755319487486, ""crossover_fix"": 0.25, ""mip_intensify"": 0.25, ""remove_fix"": 0.25, ""station_capacity_fix"": 1.0, ""swap_fix"": 0.25}"
79,4252f98217,298,10,10,5,0,0,0,29,1078515.3612064177,19712.551206417553,35824771.921986744,4999800.0,200.0,0.99996,3,212,True,19712.0,0.0,0.9677407189189947,0,0.0,"{""add_fix"": 0.25, ""crossover_fix"": 0.25, ""mip_intensify"": 0.25, ""remove_fix"": 0.25, ""station_capacity_fix"": 1.0, ""swap_fix"": 0.25}"
80,8f2a2bfb0a,303,10,10,5,0,0,0,30,1078515.3612064177,19712.551206417553,35824771.921986744,4999800.0,200.0,0.99996,3,212,True,19712.0,0.0,0.9677407189189947,0,0.0,"{""add_fix"": 0.25, ""crossover_fix"": 0.25, ""mip_intensify"": 0.25, ""remove_fix"": 0.25, ""station_capacity_fix"": 1.0, ""swap_fix"": 0.25}"
