road_component_id,source_init_node,source_term_node,edge_count,edge_indices,length_miles,lanes,lane_miles,max_flood_depth_mm,minimum_capacity_retention_ratio,contains_closed_edge,repair_cost_usd,baseline_component_flow_veh_per_period,same_flow_vehicle_min_saving,capacity_loss_proxy_vehicle_min,closed_link_proxy_vehicle_min,impact_score,impact_per_dollar,severity_index,boundary_end_count,interior_severe_segment,warmstart_singleton_score,checkpoint_status,checkpoint_stage,checkpoint_generation
10805->8482,10805,8482,1,"(21179,)",0.03,1,0.03,127.0,0.564,False,660.72,4089.115818823652,221.8966653329957,128.3655237845121,0.0,232.16590723575666,0.3513831989886134,0.4838201904736139,0,True,0.07027663979772268,completed,completed,80
10805->8483,10805,8483,1,"(21180,)",0.03,1,0.03,127.0,0.564,False,660.72,3970.985463363993,291.1962013062834,86.56748310133504,0.0,298.1215999543902,0.4512071678689766,0.4908632328540136,0,True,0.09024143357379533,completed,completed,80
2029->8058,2029,8058,1,"(2187,)",0.03,1,0.03,127.0,0.564,False,660.72,4005.694558461784,238.76727137061852,112.27389605288599,0.0,247.7491830548494,0.37496849354469275,0.4855076892882645,0,True,0.07499369870893856,completed,completed,80
2427->6336,2427,6336,1,"(3228,)",0.03,1,0.03,127.0,0.564,False,660.72,4181.996539130836,240.123558915837,131.2812353563952,0.0,250.62605774434863,0.37932264460641213,0.4863170396287477,0,True,0.07586452892128243,completed,completed,80
4305->6763,4305,6763,1,"(6403,)",0.03,1,0.03,127.0,0.564,False,660.72,4015.8050928724997,240.63858736693024,112.55727988879778,0.0,249.64316975803405,0.37783504322259664,0.48575935962417593,0,True,0.07556700864451933,completed,completed,80
4428->6282,4428,6282,1,"(6760,)",0.03,1,0.03,127.0,0.564,False,660.72,5074.343158928512,508.7955977156069,159.29378044508385,0.0,521.5391001512136,0.7893496490967634,0.5100239386372465,0,True,0.1578699298193527,completed,completed,80
6261->8687,6261,8687,1,"(10991,)",0.03,1,0.03,152.4,0.509,False,660.72,3017.907035651381,239.45246844438415,95.25807993245323,0.0,247.07311483898042,0.3739452640134708,0.5185243737887151,0,True,0.07478905280269416,completed,completed,80
6282->4428,6282,4428,1,"(11036,)",0.03,1,0.03,127.0,0.564,False,660.72,5284.539777674325,603.9738171881909,165.89227270075241,0.0,617.245199004251,0.9342008702691776,0.5154373706592289,0,True,0.18684017405383554,completed,completed,80
6336->2427,6336,2427,1,"(11104,)",0.03,1,0.03,127.0,0.564,False,660.72,3943.905772870073,196.20195655944806,123.80709002193734,0.0,206.10652376120305,0.3119423110564279,0.4799231141301411,0,True,0.06238846221128558,completed,completed,80
6763->4305,6763,4305,1,"(12022,)",0.03,1,0.03,127.0,0.564,False,660.72,4678.2111406133035,404.32841872486574,131.1235751126186,0.0,414.8183047338752,0.6278276800064705,0.5023856813778294,0,True,0.1255655360012941,completed,completed,80
6763->8756,6763,8756,1,"(12024,)",0.03,1,0.03,127.0,0.564,False,660.72,4748.1651364376385,372.670114109814,155.2649999615108,0.0,385.09131410673484,0.5828358670945859,0.5003551164577886,0,True,0.11656717341891719,completed,completed,80
8058->2029,8058,2029,1,"(15008,)",0.03,1,0.03,127.0,0.564,False,660.72,4012.0300844428925,239.93801818425075,112.45147179538506,0.0,248.93413592788156,0.3767619202201864,0.48566537842041996,0,True,0.07535238404403728,completed,completed,80
8483->10805,8483,10805,1,"(15543,)",0.03,1,0.03,127.0,0.564,False,660.72,3354.776448917711,195.628385262492,73.13412658640611,0.0,201.47911538940448,0.3049387265247071,0.4774918344684336,0,True,0.06098774530494142,completed,completed,80
8687->6261,8687,6261,1,"(15819,)",0.03,1,0.03,152.4,0.509,False,660.72,2749.113030159657,200.3083448759909,86.77378914482516,0.0,207.25024800757691,0.31367333818800236,0.5123357611999656,0,True,0.06273466763760048,completed,completed,80
8756->6763,8756,6763,1,"(15937,)",0.03,1,0.03,127.0,0.564,False,660.72,3948.7127433296005,184.74555322080388,129.12290670687796,0.0,195.07538575735413,0.2952466790128256,0.47831863414539966,0,True,0.05904933580256512,completed,completed,80
9328->9329,9328,9329,1,"(17312,)",0.03,1,0.03,127.0,0.564,False,660.72,3761.093446010266,198.06826807062288,105.4180763010306,0.0,206.5017141747053,0.3125404319147374,0.47946213770850754,0,True,0.06250808638294748,completed,completed,80
10646->7789,10646,7789,1,"(20456,)",0.04,1,0.04,88.9,0.637,False,880.96,5400.675399549954,286.7230225919771,168.03815743171145,0.0,300.16607518651404,0.34072611149940296,0.44346648170660735,0,True,0.0681452222998806,completed,completed,80
12276->8475,12276,8475,1,"(25663,)",0.04,1,0.04,127.0,0.564,False,880.96,3673.17349866181,318.98057233183096,106.76690969443662,0.0,327.52192510738587,0.3717784293354816,0.4927845489262477,0,True,0.07435568586709633,completed,completed,80
2815->2817,2815,2817,1,"(4247,)",0.04,1,0.04,127.0,0.564,False,880.96,5196.203553972731,869.9897512185885,169.91585621490833,0.0,883.5830197157811,1.0029774560885638,0.5258417428386624,0,True,0.20059549121771278,completed,completed,80
2816->2817,2816,2817,1,"(4251,)",0.04,1,0.04,127.0,0.564,False,880.96,3963.6808210564627,308.2135983633958,148.12841468405296,0.0,320.06387153812005,0.36331260390723763,0.492935478318481,0,True,0.07266252078144753,completed,completed,80
4422->9021,4422,9021,1,"(6744,)",0.04,1,0.04,127.0,0.564,False,880.96,4083.48168532045,294.45005319305477,170.91820942077277,0.0,308.1235099467166,0.34975879716072983,0.49213986844290897,0,True,0.06995175943214597,completed,completed,80
4428->4429,4428,4429,1,"(6759,)",0.04,1,0.04,127.0,0.564,False,880.96,3996.906410449304,360.5818622272871,130.69883962169226,0.0,371.0377693970225,0.4211743659156176,0.4973817983035922,0,True,0.08423487318312352,completed,completed,80
7048->2846,7048,2846,1,"(12485,)",0.04,1,0.04,177.8,0.509,False,880.96,2251.896668500153,319.6512368582085,106.1454013664232,0.0,328.14286896752236,0.3724832784320768,0.5406244591420202,0,True,0.07449665568641536,completed,completed,80
7465->12254,7465,12254,1,"(13412,)",0.04,1,0.04,88.9,0.637,False,880.96,5502.064897765991,381.1670666841314,149.79371684167913,0.0,393.1505640314657,0.446275158953262,0.45162207416023264,0,True,0.0892550317906524,completed,completed,80
9021->4422,9021,4422,1,"(16673,)",0.04,1,0.04,127.0,0.564,False,880.96,4102.476242020738,299.23875385488765,171.71324558602004,0.0,312.97581350176927,0.3552667697758914,0.4926507991487331,0,True,0.07105335395517828,completed,completed,80
10802->10808,10802,10808,1,"(21165,)",0.05,1,0.05,88.9,0.637,False,1101.2,5067.249928377233,428.51572983180506,141.49320953853353,0.0,439.8351865948877,0.39941444478286203,0.45403320640813216,0,True,0.07988288895657242,completed,completed,80
2425->6377,2425,6377,1,"(3219,)",0.05,1,0.05,127.0,0.564,False,1101.2,4207.012684801204,524.1621468357547,171.96164349124925,0.0,537.9190783150547,0.4884844517935476,0.5088930429963732,0,True,0.09769689035870953,completed,completed,80
5797->8771,5797,8771,1,"(10249,)",0.05,1,0.05,127.0,0.564,False,1101.2,4361.596043040879,525.2190550143937,203.74884372490965,0.0,541.5189625123865,0.49175350754848024,0.5094831496992254,0,True,0.09835070150969605,completed,completed,80
6377->2425,6377,2425,1,"(11254,)",0.05,1,0.05,127.0,0.564,False,1101.2,4249.330765747775,540.5101003831177,173.69139504994035,0.0,554.4054119871129,0.5034556955930919,0.5098927656780268,0,True,0.10069113911861838,completed,completed,80
6391->8818,6391,8818,1,"(11304,)",0.05,1,0.05,177.8,0.509,False,1101.2,2900.071598728454,590.4265110607132,170.8722185970805,0.0,604.0962885484796,0.5485799932332724,0.5613782517128274,0,True,0.10971599864665449,completed,completed,80
6924->2815,6924,2815,1,"(12268,)",0.05,1,0.05,127.0,0.564,False,1101.2,4481.078075666717,640.4188932290147,183.16406634287708,0.0,655.0720185364448,0.5948710665968442,0.5153949047841954,0,True,0.11897421331936885,completed,completed,80
8760->8759,8760,8759,1,"(15952,)",0.05,1,0.05,127.0,0.564,False,1101.2,4263.462663567787,502.803710421313,192.29686772229883,0.0,518.1874598390968,0.4705661640384098,0.5079358509882187,0,True,0.09411323280768197,completed,completed,80
8771->5797,8771,5797,1,"(15976,)",0.05,1,0.05,127.0,0.564,False,1101.2,4699.652062077878,685.354174424198,219.54088918563804,0.0,702.917445559049,0.6383195110416355,0.5179945340796892,0,True,0.1276639022083271,completed,completed,80
8787->5805,8787,5805,1,"(16034,)",0.05,1,0.05,127.0,0.564,False,1101.2,4442.085453457638,559.5284473974049,207.50884904009254,0.0,576.1291553206123,0.5231830324378971,0.5115103425042258,0,True,0.10463660648757943,completed,completed,80
8818->6391,8818,6391,1,"(16114,)",0.05,1,0.05,177.8,0.509,False,1101.2,3006.3793776303005,631.2064166501764,177.1358729299773,0.0,645.3772864845746,0.58606727795548,0.563721238345136,0,True,0.117213455591096,completed,completed,80
10348->7507,10348,7507,1,"(19124,)",0.06,1,0.06,127.0,0.564,False,1321.44,4270.349165665821,586.7303988507211,239.38357322960974,0.0,605.8810847090899,0.45850063923378276,0.5125662899136701,0,True,0.09170012784675656,completed,completed,80
10585->6305,10585,6305,1,"(20172,)",0.06,1,0.06,127.0,0.564,False,1321.44,5020.667218862702,1058.0181760234689,281.4442595259606,0.0,1080.5337167855457,0.817694119131815,0.5314085998067114,0,True,0.163538823826363,completed,completed,80
2426->6377,2426,6377,1,"(3223,)",0.06,1,0.06,127.0,0.564,False,1321.44,4559.626390614657,757.997477400249,246.7858476796126,0.0,777.740345214618,0.58855517103661,0.5206505414102479,0,True,0.11771103420732201,completed,completed,80
2812->6916,2812,6916,1,"(4239,)",0.06,1,0.06,127.0,0.564,False,1321.44,4523.160121162802,736.9319975268545,244.81214228197013,0.0,756.5169689094121,0.572494376520623,0.5197463130799314,0,True,0.1144988753041246,completed,completed,80
2844->10358,2844,10358,1,"(4341,)",0.06,1,0.06,127.0,0.564,False,1321.44,4210.002713162459,559.6779257799368,236.000723520707,0.0,578.5579836615933,0.43782387672659623,0.5110495660508871,0,True,0.08756477534531926,completed,completed,80
4332->2812,4332,2812,1,"(6474,)",0.06,1,0.06,127.0,0.564,False,1321.44,3362.8733498355,310.56926620306626,182.0126210310966,0.0,325.130275885554,0.24604240516826642,0.49160659926690853,0,True,0.04920848103365329,completed,completed,80
6336->2450,6336,2450,1,"(11105,)",0.06,1,0.06,127.0,0.564,False,1321.44,4759.564458437385,783.3444509004386,298.8244949585328,0.0,807.2504104971212,0.6108869191920338,0.5222176682465842,0,True,0.12217738383840676,completed,completed,80
8756->10347,8756,10347,1,"(15938,)",0.06,1,0.06,127.0,0.564,False,1321.44,5506.362228288662,1566.5271355450884,298.0271087421339,0.0,1590.369304244459,1.2035123079704406,0.5438303889267985,0,True,0.24070246159408815,completed,completed,80
12326->12325,12326,12325,1,"(25813,)",0.07,1,0.07,88.9,0.637,False,1541.68,4392.687489461924,362.47531342531863,176.2392459587803,0.0,376.57445310202104,0.2442623975805751,0.4478976018625608,0,True,0.04885247951611502,completed,completed,80
12335->2745,12335,2745,1,"(25845,)",0.07,1,0.07,127.0,0.564,False,1541.68,4849.86977029517,1079.8065895688753,317.18148297730414,0.0,1105.1811082070597,0.7168680324107853,0.5316973430699139,0,True,0.14337360648215708,completed,completed,80
10827->12400,10827,12400,1,"(21279,)",0.08,1,0.08,63.5,0.637,False,1761.92,7540.305406557198,2635.963032450022,410.56962938703947,0.0,2668.808602800985,1.514716106747744,0.4946668129953595,0,True,0.3029432213495488,completed,completed,80
12400->10827,12400,10827,1,"(26028,)",0.08,1,0.08,63.5,0.637,False,1761.92,8043.864472002769,3641.81899003749,437.9884205005508,0.0,3676.858063677534,2.0868473390832354,0.5048392453623796,0,True,0.4173694678166471,completed,completed,80
4305->8758,4305,8758,1,"(6405,)",0.09,1,0.09,127.0,0.564,False,1982.1599999999999,4685.169703993149,1219.6501556010364,393.9558411100525,0.0,1251.1666228898407,0.6312137379877714,0.5349846376613433,0,True,0.12624274759755427,completed,completed,80
10627->7587,10627,7587,1,"(20369,)",0.1,1,0.1,127.0,0.564,False,2202.4,5571.346170447567,2694.466486641688,520.5229136389584,0.0,2736.1083197328044,1.2423303304271722,0.5599870776467805,0,True,0.24846606608543445,completed,completed,80
2817->2818,2817,2818,1,"(4256,)",0.05,2,0.1,127.0,0.564,False,2202.4,5901.542785564709,449.85387003299263,241.2255613599575,0.0,469.15191494178924,0.21301848662449566,0.5085476231833314,0,True,0.04260369732489913,completed,completed,80
4468->10833,4468,10833,1,"(6889,)",0.11,1,0.11,63.5,0.637,False,2422.64,3807.203205016451,135.93132951678842,325.76062280637194,0.0,161.99217934129817,0.06686597238603266,0.4045755318972725,1,False,0.08358246548254082,completed,completed,80
7138->8751,7138,8751,1,"(12730,)",0.06,2,0.12,127.0,0.564,False,2642.88,4895.915638905864,400.08482868564556,240.14466208833264,0.0,419.2964016527122,0.15865132039771468,0.5031980912590752,0,True,0.031730264079542936,completed,completed,80
8811->6391,8811,6391,1,"(16111,)",0.06,2,0.12,177.8,0.509,False,2642.88,3117.84521880597,719.0903834677218,172.22197527379475,0.0,732.8681414896254,0.277299060679874,0.5678701254518626,0,True,0.0554598121359748,completed,completed,80
5152->5128,5152,5128,1,"(8971,)",0.13,1,0.13,127.0,0.564,False,2863.12,4006.5507160202333,1075.2379745056485,469.8440577600556,0.0,1112.825499126453,0.3886758148895097,0.5298187477709488,0,True,0.07773516297790195,completed,completed,80
8758->8757,8758,8757,1,"(15944,)",0.16,1,0.16,127.0,0.564,False,3523.84,4001.9802969392517,1269.7803563829139,598.238883245319,0.0,1317.6394670425393,0.3739214797046799,0.534795474171098,0,True,0.07478429594093598,completed,completed,80
10566->4430,10566,4430,1,"(20075,)",0.17,1,0.17,127.0,0.564,False,3744.0800000000004,4411.250733208556,1915.204395728085,676.4729055422446,0.0,1969.3222281714645,0.525982945923021,0.547726653534688,0,True,0.1051965891846042,completed,completed,80
5885->5896,5885,5896,1,"(10449,)",0.17,1,0.17,127.0,0.564,False,3744.0800000000004,4018.1129343291555,1183.896765625927,714.774073661945,0.0,1241.0786915188826,0.33147761039264184,0.5330714171997237,0,True,0.06629552207852837,completed,completed,80
2450->6305,2450,6305,1,"(3284,)",0.19,1,0.19,127.0,0.564,False,4184.56,4410.0142434618465,1846.201054674352,876.7813918281106,0.0,1916.343566020601,0.45795581041270783,0.5469179883388455,0,True,0.09159116208254157,completed,completed,80
5803->5805,5803,5805,1,"(10269,)",0.19,1,0.19,127.0,0.564,False,4184.56,3496.400111644631,1030.329435609725,620.6609683899457,0.0,1079.9823130809204,0.2580874245036325,0.5274496097116523,0,True,0.0516174849007265,completed,completed,80
6133->8648,6133,8648,1,"(10835,)",0.19,1,0.19,127.0,0.564,False,4184.56,3151.01314707569,649.5448537200284,626.4718298490005,0.0,699.6626001079485,0.16720099606839153,0.513500231799681,0,True,0.03344019921367831,completed,completed,80
6305->2450,6305,2450,1,"(11059,)",0.19,1,0.19,127.0,0.564,False,4184.56,3747.895959337701,1053.75563936316,745.1416830516844,0.0,1113.3669740072949,0.2660654821551835,0.5291057060527031,0,True,0.0532130964310367,completed,completed,80
6916->2815,6916,2815,1,"(12249,)",0.19,1,0.19,127.0,0.564,False,4184.56,4639.540235201395,2483.929376361127,823.5846708944649,0.0,2549.816150032684,0.609339130047767,0.5559086575548132,0,True,0.1218678260095534,completed,completed,80
8811->6389,8811,6389,1,"(16110,)",0.19,1,0.19,177.8,0.509,False,4184.56,3012.4881477712934,2711.89991152874,526.9406611979699,0.0,2754.055164424578,0.6581468934426983,0.6065949084249999,0,True,0.13162937868853966,completed,completed,80
9004->8997,9004,8997,1,"(16612,)",0.19,1,0.19,177.8,0.509,False,4184.56,2526.667322891774,1787.5082975291716,565.7107069261766,0.0,1832.7651540832658,0.43798276379912476,0.5926466997444734,0,True,0.08759655275982496,completed,completed,80
5926->5930,5926,5930,1,"(10503,)",0.2,1,0.2,127.0,0.564,False,4404.8,4169.80761160117,1299.658443804763,991.6560647226056,0.0,1378.9909289825714,0.3130655033106092,0.5365873803815921,0,True,0.06261310066212183,completed,completed,80
5933->5947,5933,5947,1,"(10511,)",0.2,1,0.2,127.0,0.564,False,4404.8,3185.476666220111,702.3803381635846,666.656556706545,0.0,755.7128627001082,0.17156576069290505,0.515893396776085,0,True,0.034313152138581014,completed,completed,80
6389->10344,6389,10344,1,"(11298,)",0.2,1,0.2,177.8,0.509,False,4404.8,2275.124423710248,1620.438960556012,536.2013241800312,0.0,1663.3350664904144,0.37761874920323607,0.5886384729006459,0,True,0.07552374984064722,completed,completed,80
10585->2450,10585,2450,1,"(20169,)",0.21,1,0.21,127.0,0.564,False,4625.04,4120.6001350768465,1595.3817815706568,905.4771560823267,0.0,1667.819954057243,0.3606066010363679,0.5420749322982586,0,True,0.07212132020727358,completed,completed,80
2450->10585,2450,10585,1,"(3286,)",0.21,1,0.21,127.0,0.564,False,4625.04,4300.770703399358,1859.565449948692,945.0685574477887,0.0,1935.1709345445151,0.4184117185028703,0.5469333909481635,0,True,0.08368234370057406,completed,completed,80
1909->2454,1909,2454,1,"(1789,)",0.24,1,0.24,127.0,0.564,False,5285.76,2554.344575197008,774.4874576815913,534.5732326972299,0.0,817.2533162973697,0.15461415506897203,0.5157978674859773,0,True,0.030922831013794408,completed,completed,80
5020->5019,5020,5019,1,"(8618,)",0.24,1,0.24,127.0,0.564,False,5285.76,4356.1132591054475,3033.5333255166897,759.7061523879901,0.0,3094.309817707729,0.5854049025509537,0.5609400336904464,0,True,0.11708098051019074,completed,completed,80
5805->10567,5805,10567,1,"(10279,)",0.24,1,0.24,127.0,0.564,False,5285.76,4875.717648474244,3778.0732555645495,1093.2752030064535,0.0,3865.535271805066,0.7313111590017454,0.5687438436343261,0,True,0.14626223180034909,completed,completed,80
5922->5904,5922,5904,1,"(10486,)",0.24,1,0.24,127.0,0.564,False,5285.76,1708.8517188279748,297.2485204824729,429.1541852595823,0.0,331.58085530323945,0.06273097062735339,0.4848078805732118,0,True,0.012546194125470679,completed,completed,80
6186->10577,6186,10577,1,"(10874,)",0.12,2,0.24,127.0,0.564,False,5285.76,7489.200372798591,1564.9499812819902,839.6463503674763,0.0,1632.1216893113883,0.30877710855418866,0.5479485074734864,0,True,0.061755421710837734,completed,completed,80
8997->6236,8997,6236,1,"(16587,)",0.24,1,0.24,177.8,0.509,False,5285.76,2922.590048953481,2874.1687693934273,826.5552272848277,0.0,2940.2931875762133,0.5562668731792993,0.6081980718072202,0,True,0.11125337463585988,completed,completed,80
10344->8811,10344,8811,1,"(19106,)",0.25,1,0.25,177.8,0.509,False,5506.0,2992.593726232819,3128.6237526949185,881.6181117481884,0.0,3199.1532016347737,0.5810303671694104,0.6109491371887584,0,True,0.11620607343388208,completed,completed,80
10346->6375,10346,6375,1,"(19113,)",0.25,1,0.25,127.0,0.564,False,5506.0,3459.9494576685875,1606.704337602691,685.6990743379564,0.0,1661.5602635497276,0.3017726595622462,0.5400591957611163,0,True,0.060354531912449244,completed,completed,80
12135->10594,12135,10594,1,"(25227,)",0.25,1,0.25,228.6,0.463,False,5506.0,908.9668760764705,2412.38044332752,261.4902923855703,0.0,2433.2996667183656,0.44193600921147214,0.6398478718585446,0,True,0.08838720184229443,completed,completed,80
2425->6379,2425,6379,1,"(3220,)",0.25,1,0.25,127.0,0.564,False,5506.0,5104.9519176662425,5082.619653090611,1043.3245481730385,0.0,5166.085616944454,0.9382647324635769,0.5778146058396121,0,True,0.18765294649271538,completed,completed,80
5896->5884,5896,5884,1,"(10451,)",0.25,1,0.25,127.0,0.564,False,5506.0,4104.695876270584,2227.1738141026767,925.6796907175733,0.0,2301.2281893600825,0.4179491807773488,0.5515429565458276,0,True,0.08358983615546978,completed,completed,80
6285->6286,6285,6286,1,"(11042,)",0.25,1,0.25,127.0,0.564,False,5506.0,4326.584940281081,2262.910208883155,1131.8346203775309,0.0,2353.4569785133576,0.4274349761193893,0.5527798420670893,0,True,0.08548699522387787,completed,completed,80
6286->6285,6286,6285,1,"(11045,)",0.25,1,0.25,127.0,0.564,False,5506.0,4493.623116301131,2607.85034727318,1175.5318072243758,0.0,2701.89289185113,0.49071792441902107,0.5572719374895608,0,True,0.09814358488380422,completed,completed,80
6379->2425,6379,2425,1,"(11261,)",0.25,1,0.25,127.0,0.564,False,5506.0,4205.990954657599,2618.871117421829,859.5994013581469,0.0,2687.6390695304804,0.4881291444842863,0.5563946245784297,0,True,0.09762582889685727,completed,completed,80
6379->6759,6379,6759,1,"(11263,)",0.25,1,0.25,127.0,0.564,False,5506.0,4262.264806218305,2429.282864715512,995.5432797381328,0.0,2508.9263270945626,0.45567132711488606,0.5545065337865782,0,True,0.09113426542297721,completed,completed,80
5292->10550,5292,10550,1,"(9408,)",0.26,1,0.26,127.0,0.564,False,5726.24,4772.325978370616,4130.453583394658,1014.3578867026746,0.0,4211.602214330872,0.7354917387903532,0.5710438615370956,0,True,0.14709834775807065,completed,completed,80
5904->5902,5904,5902,1,"(10466,)",0.27,1,0.27,127.0,0.564,False,5946.4800000000005,2728.227763716105,671.977605599532,770.8007336271841,0.0,733.6416642897068,0.12337410775613586,0.5133297129791893,0,True,0.024674821551227175,completed,completed,80
10549->5020,10549,5020,1,"(19996,)",0.29,1,0.29,127.0,0.564,False,6386.959999999999,3758.1771687068863,2444.1464816287616,791.9732020188311,0.0,2507.504337790268,0.3925974701251093,0.5531178577686181,0,True,0.07851949402502187,completed,completed,80
10585->6286,10585,6286,1,"(20170,)",0.3,1,0.3,127.0,0.564,False,6607.2,4478.129076965935,3088.5711355455483,1405.7742798411466,0.0,3201.03307793284,0.48447649199855314,0.5622430608537772,0,True,0.09689529839971063,completed,completed,80
10898->1910,10898,1910,1,"(21603,)",0.3,1,0.3,107.95,0.564,False,6607.2,3000.4564002579996,1127.0852205014658,619.6732060322311,0.0,1176.6590769840443,0.17808740116600744,0.5156141444167692,0,True,0.035617480233201486,completed,completed,80
1952->1954,1952,1954,1,"(1944,)",0.3,1,0.3,127.0,0.564,False,6607.2,4396.654980844161,4442.602433205946,734.1478359503187,0.0,4501.3342600819715,0.6812771310210031,0.5721161325625604,0,True,0.1362554262042006,completed,completed,80
1954->1952,1954,1952,1,"(1952,)",0.3,1,0.3,127.0,0.564,False,6607.2,5040.376349776639,6802.127675240053,841.6356083627035,0.0,6869.458523909069,1.0396928387076325,0.586097188649815,0,True,0.20793856774152653,completed,completed,80
5024->12127,5024,12127,1,"(8634,)",0.15,2,0.3,127.0,0.564,False,6607.2,3919.9482749672793,750.1558499443051,480.6836572178627,0.0,788.6105425217341,0.1193562390304114,0.5194125950027785,0,True,0.023871247806082282,completed,completed,80
6286->10585,6286,10585,1,"(11047,)",0.3,1,0.3,127.0,0.564,False,6607.2,4317.049651353823,2693.5601780614434,1355.208226552992,0.0,2801.9768361856827,0.4240793128989107,0.557909646649601,0,True,0.08481586257978214,completed,completed,80
10567->5802,10567,5802,1,"(20080,)",0.31,1,0.31,127.0,0.564,False,6827.44,3842.114153858958,2575.0764805476033,944.1820891555943,0.0,2650.611047680051,0.3882291236070989,0.5549984434553507,0,True,0.07764582472141979,completed,completed,80
4431->10607,4431,10607,1,"(6773,)",0.31,1,0.31,228.6,0.463,False,6827.44,736.7887516126268,2189.4141318124075,387.32596888722304,0.0,2220.4002093233853,0.3252170959134588,0.6348559836835419,0,True,0.06504341918269177,completed,completed,80
4434->8648,4434,8648,1,"(6781,)",0.31,1,0.31,127.0,0.564,False,6827.44,5060.229188045346,5196.846176942136,1641.457384934902,0.0,5328.162767736928,0.7804041877683184,0.578631557870967,0,True,0.1560808375536637,completed,completed,80
5930->5921,5930,5921,1,"(10507,)",0.31,1,0.31,127.0,0.564,False,6827.44,5220.147378528141,6515.686933588825,1459.7692131348904,0.0,6632.4684706396165,0.9714429523569035,0.5854416643596526,0,True,0.1942885904713807,completed,completed,80
5947->10568,5947,10568,1,"(10537,)",0.31,1,0.31,127.0,0.564,False,6827.44,3791.836448651693,1783.7133501864878,1230.011074559431,0.0,1882.1142361512423,0.27566909942104834,0.5447393777509255,0,True,0.05513381988420967,completed,completed,80
8648->4434,8648,4434,1,"(15800,)",0.31,1,0.31,127.0,0.564,False,6827.44,5702.8604505140065,8699.532628815808,1849.9166843795358,0.0,8847.525963566171,1.2958775124448068,0.594921695408112,0,True,0.2591755024889614,completed,completed,80
10347->6386,10347,6386,1,"(19119,)",0.32,1,0.32,152.4,0.509,False,7047.68,3728.1713765951035,4345.648324878232,1211.938524187495,0.0,4442.603406813232,0.6303639505217649,0.6061137023792142,0,True,0.126072790104353,completed,completed,80
10573->5921,10573,5921,1,"(20112,)",0.32,1,0.32,127.0,0.564,False,7047.68,4721.701571499498,4582.5985950771865,1362.9761446667792,0.0,4691.636686650529,0.6656994481376182,0.5741171956819405,0,True,0.13313988962752363,completed,completed,80
12593->12594,12593,12594,1,"(26685,)",0.32,1,0.32,127.0,0.564,False,7047.68,6589.280639076656,19314.35116718425,1532.227391273292,0.0,19436.92935848611,2.757918826973715,0.6197569775847909,0,True,0.551583765394743,completed,completed,80
12594->12593,12594,12593,1,"(26689,)",0.32,1,0.32,127.0,0.564,False,7047.68,5701.101870676991,10506.571344452721,1325.6962216614231,0.0,10612.627042185635,1.5058327055407785,0.6002943340414928,0,True,0.3011665411081557,completed,completed,80
5921->10573,5921,10573,1,"(10485,)",0.32,1,0.32,127.0,0.564,False,7047.68,4131.7750911521625,2910.064614206758,1192.686746312172,0.0,3005.4795539117317,0.4264494917351145,0.5595030802553068,0,True,0.0852898983470229,completed,completed,80
10567->8772,10567,8772,1,"(20083,)",0.35,1,0.35,127.0,0.564,False,7708.4,3831.71382195798,2437.8504714571427,1252.9704197802598,0.0,2538.0881050395633,0.32926263622017066,0.5536872503868692,0,True,0.06585252724403413,completed,completed,80
5019->5017,5019,5017,1,"(8613,)",0.35,1,0.35,127.0,0.564,False,7708.4,4680.07362633977,4724.088464573925,1530.384075813105,0.0,4846.519190638974,0.6287321870477627,0.5749804473633543,0,True,0.12574643740955255,completed,completed,80
6379->6386,6379,6386,1,"(11262,)",0.35,1,0.35,152.4,0.509,False,7708.4,2116.5849466766017,1569.7299881176814,779.4324066136586,0.0,1632.0845806467742,0.211728060381762,0.5703577479500925,0,True,0.0423456120763524,completed,completed,80
6386->6379,6386,6379,1,"(11286,)",0.35,1,0.35,152.4,0.509,False,7708.4,1460.4198468296938,1016.7531627696736,537.7996085950348,0.0,1059.7771314572765,0.13748341179197712,0.5535615530130077,0,True,0.027496682358395426,completed,completed,80
12641->2894,12641,2894,1,"(26851,)",0.37,1,0.37,127.0,0.564,False,8148.88,2221.1475648076917,1324.704303654926,565.7613555075424,0.0,1369.9652120955293,0.16811699424896787,0.5295287891896336,0,True,0.033623398849793575,completed,completed,80
2894->12641,2894,12641,1,"(4504,)",0.37,1,0.37,127.0,0.564,False,8148.88,2184.35698838419,1297.529498052349,556.3902147886382,0.0,1342.04071523544,0.16469020469505502,0.5287385312053441,0,True,0.032938040939011,completed,completed,80
10344->8993,10344,8993,1,"(19107,)",0.38,1,0.38,152.4,0.509,False,8369.12,3093.699974280398,2888.0648842980213,1385.334098882968,0.0,2998.891612208659,0.358328188890667,0.5924679205608598,0,True,0.0716656377781334,completed,completed,80
6759->6761,6759,6761,1,"(12011,)",0.38,1,0.38,127.0,0.564,False,8369.12,3351.6495526367767,2203.088281085501,1041.1899335266148,0.0,2286.38347576763,0.27319281785511856,0.5491426339669518,0,True,0.054638563571023716,completed,completed,80
8399->6186,8399,6186,1,"(15405,)",0.38,1,0.38,127.0,0.564,False,8369.12,4201.895289960182,3522.251764214214,1491.7928820870063,0.0,3641.5951947811745,0.43512283188449613,0.5653592226435035,0,True,0.08702456637689923,completed,completed,80
8648->8649,8648,8649,1,"(15802,)",0.19,2,0.38,127.0,0.564,False,8369.12,3160.847148802856,584.3421466506051,561.0955238717756,0.0,629.2297885603471,0.0751847014453547,0.5104029015893607,0,True,0.015036940289070941,completed,completed,80
6386->2426,6386,2426,1,"(11285,)",0.39,1,0.39,152.4,0.509,False,8589.36,4193.694724030203,7547.707399744134,1661.4840055956076,0.0,7680.626120191782,0.894202375985147,0.6235745292170377,0,True,0.1788404751970294,completed,completed,80
10568->8788,10568,8788,1,"(20087,)",0.4,1,0.4,127.0,0.564,False,8809.6,5120.31659600362,7044.906936446565,2143.1597144232755,0.0,7216.359713600427,0.8191472613513017,0.5877246254935365,0,True,0.16382945227026036,completed,completed,80
10607->2847,10607,2847,1,"(20278,)",0.4,1,0.4,228.6,0.463,False,8809.6,605.0182087085913,2679.187237043992,216.59651871767562,0.0,2696.514958541406,0.30608823993613854,0.6384506379112725,0,True,0.06121764798722771,completed,completed,80
12593->1954,12593,1954,1,"(26684,)",0.2,2,0.4,127.0,0.564,False,8809.6,5701.101870676991,1932.6132191465178,828.5601385383894,0.0,1998.898030229589,0.22689997618842955,0.5509629834531578,0,True,0.04537999523768591,completed,completed,80
1910->1909,1910,1909,1,"(1792,)",0.4,1,0.4,127.0,0.564,False,8809.6,2463.8233234604904,1639.330028214981,678.4591383339625,0.0,1693.606759281698,0.19224559109172926,0.5369229113600218,0,True,0.03844911821834585,completed,completed,80
1954->12593,1954,12593,1,"(1955,)",0.2,2,0.4,127.0,0.564,False,8809.6,6589.280639076656,2513.811796302145,957.6421195458075,0.0,2590.4231658658096,0.29404549194808044,0.5601997110085691,0,True,0.058809098389616093,completed,completed,80
2847->10607,2847,10607,1,"(4352,)",0.4,1,0.4,228.6,0.463,False,8809.6,1232.3828034190649,5499.24316842485,441.1930436240251,0.0,5534.538611914772,0.6282394900920328,0.6674451157020518,0,True,0.12564789801840656,completed,completed,80
7587->7586,7587,7586,1,"(13797,)",0.4,1,0.4,127.0,0.564,False,8809.6,4281.4494619742645,3945.6956579928665,1600.0388275035252,0.0,4073.6987641931487,0.4624158604469157,0.568876978253342,0,True,0.09248317208938314,completed,completed,80
10623->10889,10623,10889,1,"(20351,)",0.42,1,0.42,152.4,0.509,False,9250.08,3836.0435843700607,5633.913068251509,1898.5653791251054,0.0,5785.798298581517,0.6254862983435296,0.6142309196656282,0,True,0.12509725966870594,completed,completed,80
10889->10623,10889,10623,1,"(21562,)",0.42,1,0.42,152.4,0.509,False,9250.08,3128.701767340225,3274.3175152216413,1548.482108306163,0.0,3398.196083886134,0.36736937236068595,0.596284024060832,0,True,0.0734738744721372,completed,completed,80
10573->5896,10573,5896,1,"(20109,)",0.43,1,0.43,127.0,0.564,False,9470.32,4798.000867165359,6532.153376042276,1861.0949018817134,0.0,6681.040968192813,0.7054715118594528,0.5847381106392017,0,True,0.14109430237189055,completed,completed,80
10582->6261,10582,6261,1,"(20154,)",0.43,1,0.43,177.8,0.509,False,9470.32,2680.4718942424993,4735.76907555535,1212.7029236387548,0.0,4832.785309446451,0.5103085544571304,0.6219387646876597,0,True,0.10206171089142609,completed,completed,80
5896->10573,5896,10573,1,"(10454,)",0.43,1,0.43,127.0,0.564,False,9470.32,3570.101097274163,2577.5766378089183,1384.8052835523313,0.0,2688.361060493105,0.2838722514649035,0.5546159170042063,0,True,0.056774450292980706,completed,completed,80
8736->5926,8736,5926,1,"(15882,)",0.43,1,0.43,127.0,0.564,False,9470.32,2927.3167700504946,822.792621666107,1496.763676497455,0.0,942.5337157859035,0.09952501243737313,0.5214938886720321,0,True,0.019905002487474628,completed,completed,80
8788->5922,8788,5922,1,"(16037,)",0.43,1,0.43,127.0,0.564,False,9470.32,3828.3533975495425,1996.003255139744,1957.4718953797862,0.0,2152.601006770127,0.22729971181228584,0.5488107761530233,0,True,0.04545994236245717,completed,completed,80
9005->10344,9005,10344,1,"(16618,)",0.43,1,0.43,177.8,0.509,False,9470.32,2122.889167341783,3182.057794868597,1075.6934157620894,0.0,3268.113268129564,0.34509005694945516,0.6078372480192074,0,True,0.06901801138989104,completed,completed,80
10905->2894,10905,2894,1,"(21629,)",0.22,2,0.44,127.0,0.564,False,9690.56,5662.979594515305,2213.004453277882,857.6731621672232,0.0,2281.61830625126,0.23544751864198354,0.554798037681188,0,True,0.04708950372839671,completed,completed,80
2894->10905,2894,10905,1,"(4503,)",0.22,2,0.44,127.0,0.564,False,9690.56,4941.660119569219,1810.275012251633,748.427429477494,0.0,1870.1492066098324,0.19298670114109323,0.5474378650208711,0,True,0.038597340228218646,completed,completed,80
5163->5152,5163,5152,1,"(8999,)",0.44,1,0.44,127.0,0.564,False,9690.56,3719.48833357732,2939.5653485461035,1476.3033970623583,0.0,3057.6696203110923,0.31553074541730225,0.5588659617020798,0,True,0.06310614908346045,completed,completed,80
12325->8886,12325,8886,1,"(25807,)",0.45,1,0.45,88.9,0.637,False,9910.800000000001,2676.3759516348296,682.5635392622266,728.6433528325824,0.0,740.8550074888333,0.07475229118626481,0.46245938267770176,0,True,0.014950458237252962,completed,completed,80
4428->6285,4428,6285,1,"(6761,)",0.45,1,0.45,127.0,0.564,False,9910.800000000001,4216.881115221177,4751.32732050442,1551.2851402619908,0.0,4875.430131725379,0.4919310380317814,0.57402021345853,0,True,0.09838620760635629,completed,completed,80
6285->4428,6285,4428,1,"(11040,)",0.45,1,0.45,127.0,0.564,False,9910.800000000001,4922.08718541658,7988.966780400965,1810.7128233351245,0.0,8133.823806267775,0.820703051849273,0.590831134939984,0,True,0.1641406103698546,completed,completed,80
6377->6376,6377,6376,1,"(11257,)",0.45,1,0.45,127.0,0.564,False,9910.800000000001,4831.894222713378,7471.834413896206,1777.5330871806843,0.0,7614.037060870661,0.7682565545536849,0.5886779386452491,0,True,0.153651310910737,completed,completed,80
10583->6267,10583,6267,1,"(20159,)",0.47,1,0.47,177.8,0.509,False,10351.279999999999,1996.2718373809278,3222.3327957883953,1105.631164589752,0.0,3310.7832889555752,0.3198428879284084,0.6075503944686395,0,True,0.06396857758568168,completed,completed,80
10600->6968,10600,6968,1,"(20245,)",0.48,1,0.48,228.6,0.463,False,10571.52,957.9285150114838,4615.374931208553,673.4063291709817,0.0,4669.247437542232,0.4416817484659,0.6596769968571488,0,True,0.08833634969318001,completed,completed,80
6955->10599,6955,10599,1,"(12297,)",0.48,1,0.48,203.2,0.463,False,10571.52,1209.0220990030555,3214.6731435052143,849.9205533791659,0.0,3282.6667877755476,0.31051984840170077,0.6348679748610829,0,True,0.062103969680340154,completed,completed,80
10835->6130,10835,6130,1,"(21313,)",0.49,1,0.49,127.0,0.564,False,10791.76,4131.331532981581,3756.662336368864,2118.282404894844,0.0,3926.1249287604514,0.36380765776485496,0.5673976148839566,0,True,0.07276153155297099,completed,completed,80
6130->10835,6130,10835,1,"(10829,)",0.49,1,0.49,127.0,0.564,False,10791.76,3161.191834481205,1688.4826227669148,1620.8568564445552,0.0,1818.1511712824793,0.16847587152442967,0.5417353725217577,0,True,0.03369517430488594,completed,completed,80
6391->9004,6391,9004,1,"(11305,)",0.49,1,0.49,177.8,0.509,False,10791.76,1886.20081121429,3139.6011074078424,1089.1225276081104,0.0,3226.7309096164913,0.29899950606912046,0.6061725296099157,0,True,0.05979990121382409,completed,completed,80
10343->6374,10343,6374,1,"(19101,)",0.5,1,0.5,127.0,0.564,False,11012.0,3736.0810442477464,3862.749787862678,1480.8466684472887,0.0,3981.217521338461,0.36153446434239567,0.5667132654681248,0,True,0.07230689286847913,completed,completed,80
10352->4305,10352,4305,1,"(19143,)",0.5,1,0.5,127.0,0.564,False,11012.0,4238.345499392864,4932.237857164439,1911.6399700709887,0.0,5085.169054770118,0.46178433116328715,0.575320230355536,0,True,0.09235686623265743,completed,completed,80
10575->6260,10575,6260,1,"(20121,)",0.5,1,0.5,152.4,0.509,False,11012.0,2063.562898632372,1903.5863318324537,1215.8512598741934,0.0,2000.8544326223891,0.1816976419017789,0.5760991222575969,0,True,0.03633952838035578,completed,completed,80
10601->8372,10601,8372,1,"(20250,)",0.5,1,0.5,228.6,0.463,False,11012.0,1515.733136719174,7910.643898368748,1017.4358680227454,0.0,7992.038767810567,0.7257572437169059,0.6805583407895321,0,True,0.14515144874338118,completed,completed,80
10608->7455,10608,7455,1,"(20286,)",0.5,1,0.5,177.8,0.509,False,11012.0,1325.8471812150472,2178.226528097819,781.1891591719058,0.0,2240.7216608315716,0.2034799909945125,0.5915572252930064,0,True,0.0406959981989025,completed,completed,80
12589->12594,12589,12594,1,"(26672,)",0.5,1,0.5,127.0,0.564,False,11012.0,3059.082043351101,2727.7245682116495,1111.4664757509004,0.0,2816.6418862717214,0.255779321310545,0.5543094523527885,0,True,0.051155864262108997,completed,completed,80
12594->12589,12594,12589,1,"(26688,)",0.5,1,0.5,127.0,0.564,False,11012.0,4327.216722742916,6193.9497062098235,1572.2220759299266,0.0,6319.727472284218,0.5738946124486213,0.5819693665196701,0,True,0.11477892248972427,completed,completed,80
12758->10352,12758,10352,1,"(27247,)",0.5,1,0.5,127.0,0.564,False,11012.0,4264.000608781952,4865.1732263832955,1991.8974272452836,0.0,5024.525020562918,0.45627724487494714,0.5750314786088148,0,True,0.09125544897498944,completed,completed,80
4428->6286,4428,6286,1,"(6762,)",0.5,1,0.5,127.0,0.564,False,11012.0,3929.616063326999,3230.7806719956957,2055.975124332686,0.0,3395.2586819423104,0.30832352723776885,0.5625593801237657,0,True,0.06166470544755377,completed,completed,80
5167->10343,5167,10343,1,"(9014,)",0.5,1,0.5,127.0,0.564,False,11012.0,3541.0580007421727,2801.6374818790073,1654.1799517752722,0.0,2933.971878021029,0.2664340608446267,0.5571099689336375,0,True,0.053286812168925335,completed,completed,80
5921->5904,5921,5904,1,"(10481,)",0.5,1,0.5,127.0,0.564,False,11012.0,3386.867425276853,2631.8230964433224,1527.593997331767,0.0,2754.030616229864,0.2500935902860392,0.5547546948154474,0,True,0.050018718057207846,completed,completed,80
6138->6133,6138,6133,1,"(10850,)",0.5,1,0.5,127.0,0.564,False,11012.0,3728.293092349752,2728.001803216059,1950.6429459173905,0.0,2884.0532388894503,0.2619009479558164,0.5571645380638748,0,True,0.052380189591163286,completed,completed,80
6195->6285,6195,6285,1,"(10900,)",0.5,1,0.5,127.0,0.564,False,11012.0,3125.327503416335,1675.5502999919408,1635.1713497874264,0.0,1806.364007974935,0.16403596149427307,0.5414188781786626,0,True,0.032807192298854614,completed,completed,80
6236->6051,6236,6051,1,"(10954,)",0.5,1,0.5,152.4,0.509,False,11012.0,2960.5052056488253,3454.2539531149464,1744.3296671682876,0.0,3593.8003264884096,0.3263530990272802,0.5973354466182029,0,True,0.06527061980545605,completed,completed,80
6272->10577,6272,10577,1,"(11018,)",0.5,1,0.5,152.4,0.509,False,11012.0,1697.6274037816609,1496.567571490528,1000.2420663081546,0.0,1576.5869367951805,0.1431698998179423,0.566932316786801,0,True,0.02863397996358846,completed,completed,80
6286->4428,6286,4428,1,"(11044,)",0.5,1,0.5,127.0,0.564,False,11012.0,4095.840876947273,3719.461451923878,2142.9439468188134,0.0,3890.8969676693832,0.3533324525671434,0.5670372412876089,0,True,0.07066649051342869,completed,completed,80
6375->6374,6375,6374,1,"(11247,)",0.5,1,0.5,127.0,0.564,False,11012.0,3096.366007882486,2550.9557605304612,1227.2868903970582,0.0,2649.1387117622257,0.24056835377426677,0.5526300065290942,0,True,0.04811367075485336,completed,completed,80
6968->6978,6968,6978,1,"(12308,)",0.5,1,0.5,228.6,0.463,False,11012.0,875.8622959139619,4391.47722616347,641.3700721442693,0.0,4442.786831935011,0.40344958517390217,0.6572324626539024,0,True,0.08068991703478044,completed,completed,80
7046->8372,7046,8372,1,"(12478,)",0.5,1,0.5,203.2,0.463,False,11012.0,1132.3977935521964,3460.393708714309,651.5331590759243,0.0,3512.5163614403828,0.3189717000944772,0.6361544492744452,0,True,0.06379434001889543,completed,completed,80
8371->4431,8371,4431,1,"(15353,)",0.5,1,0.5,203.2,0.463,False,11012.0,1878.86180366969,5446.450795861915,1375.8392571417592,0.0,5556.517936433256,0.5045875350920138,0.6552236585787734,0,True,0.10091750701840277,completed,completed,80
8372->10601,8372,10601,1,"(15360,)",0.5,1,0.5,228.6,0.463,False,11012.0,1355.5736966472941,7024.483683288631,909.928843874496,0.0,7097.2779907985905,0.6445039948055385,0.6758327187828903,0,True,0.1289007989611077,completed,completed,80
8372->7046,8372,7046,1,"(15358,)",0.5,1,0.5,203.2,0.463,False,11012.0,1358.1546305638285,4180.222017380322,781.4239677994027,0.0,4242.735934804274,0.38528295811880436,0.6437159109930369,0,True,0.07705659162376088,completed,completed,80
9625->10629,9625,10629,1,"(17569,)",0.5,1,0.5,177.8,0.509,False,11012.0,1208.275457192278,1978.338517612797,711.9158993776903,0.0,2035.2917895630121,0.18482489916118888,0.5877048359720692,0,True,0.03696497983223778,completed,completed,80
10601->7043,10601,7043,1,"(20249,)",0.51,1,0.51,228.6,0.463,False,11232.24,698.9149876169698,3650.520201844324,478.52961914664877,0.0,3688.802571376056,0.328412015001109,0.6492795320330949,0,True,0.06568240300022181,completed,completed,80
10630->9625,10630,9625,1,"(20382,)",0.51,1,0.51,177.8,0.509,False,11232.24,1829.1621890626166,3153.0729549707644,1099.2972090316075,0.0,3241.016731693293,0.2885458939350738,0.6059684570677182,0,True,0.05770917878701476,completed,completed,80
4431->2084,4431,2084,1,"(6770,)",0.51,1,0.51,203.2,0.463,False,11232.24,1087.986232809752,2727.093592185141,993.2226319320226,0.0,2806.551402739703,0.24986569043571924,0.6290889436093287,0,True,0.04997313808714385,completed,completed,80
6145->10576,6145,10576,1,"(10860,)",0.51,1,0.51,127.0,0.564,False,11232.24,4589.524137422652,5769.969090709243,2449.2638092735224,0.0,5965.910195451124,0.5311416240617298,0.5809082437384463,0,True,0.10622832481234597,completed,completed,80
6978->8375,6978,8375,1,"(12317,)",0.51,1,0.51,228.6,0.463,False,11232.24,809.1486842801274,4135.550919239487,604.3678640830867,0.0,4183.900348366134,0.3724902911944664,0.6545956087064938,0,True,0.07449805823889329,completed,completed,80
7043->10601,7043,10601,1,"(12468,)",0.51,1,0.51,228.6,0.463,False,11232.24,497.66042425698527,2597.587061557339,340.73565097815134,0.0,2624.845913635591,0.2336885530967635,0.6355289064161426,0,True,0.0467377106193527,completed,completed,80
7043->7042,7043,7042,1,"(12466,)",0.51,1,0.51,228.6,0.463,False,11232.24,605.2338555214174,3159.954295813527,414.3884900291264,0.0,3193.105375015857,0.28428037283888674,0.6434488880510474,0,True,0.05685607456777735,completed,completed,80
7455->8371,7455,8371,1,"(13375,)",0.51,1,0.51,177.8,0.509,False,11232.24,2594.961727383682,4865.100773156133,1624.5109153853698,0.0,4995.061646386963,0.4447075246243815,0.6225613889057549,0,True,0.0889415049248763,completed,completed,80
7586->10621,7586,10621,1,"(13795,)",0.51,1,0.51,127.0,0.564,False,11232.24,3523.1335157933577,2820.2939240339465,1678.7227897967384,0.0,2954.5917472176857,0.26304563891242405,0.5572615833834449,0,True,0.05260912778248481,completed,completed,80
8478->12328,8478,12328,1,"(15529,)",0.51,1,0.51,107.95,0.564,False,11232.24,3579.880856474914,2633.7160952982777,1326.7038454096034,0.0,2739.852402931046,0.24392751605477145,0.5425062858029308,0,True,0.04878550321095429,completed,completed,80
10600->6955,10600,6955,1,"(20243,)",0.52,1,0.52,228.6,0.463,False,11452.48,1216.684801171237,6383.868699462162,926.582901488335,0.0,6457.995331581229,0.5638949233337434,0.6718656108251535,0,True,0.11277898466674868,completed,completed,80
4431->8696,4431,8696,1,"(6772,)",0.52,1,0.52,228.6,0.463,False,11452.48,743.626536969526,3873.338576472238,566.3189295910103,0.0,3918.644090839519,0.34216554762283097,0.6517407096035611,0,True,0.0684331095245662,completed,completed,80
6267->10582,6267,10582,1,"(11010,)",0.52,1,0.52,177.8,0.509,False,11452.48,2224.6872784861744,4088.849651389126,1363.2171742634164,0.0,4197.907025330199,0.36655004202846886,0.6157458698065787,0,True,0.07331000840569378,completed,completed,80
7046->7048,7046,7048,1,"(12477,)",0.52,1,0.52,177.8,0.509,False,11452.48,1274.1557166692594,2343.972987590618,697.1087948142757,0.0,2399.74169117576,0.2095390423013845,0.5931496111404968,0,True,0.041907808460276905,completed,completed,80
7048->7046,7048,7046,1,"(12487,)",0.52,1,0.52,177.8,0.509,False,11452.48,1140.295579610262,2091.188915246313,623.8720015416259,0.0,2141.0986753696434,0.18695502418425036,0.588571255227319,0,True,0.037391004836850074,completed,completed,80
10550->5024,10550,5024,1,"(20002,)",0.53,1,0.53,127.0,0.564,False,11672.720000000001,4344.933340996732,6143.013154347242,1882.5509933203596,0.0,6293.617233812871,0.5391731519142814,0.5818915544267469,0,True,0.10783463038285629,completed,completed,80
10576->8649,10576,8649,1,"(20127,)",0.53,1,0.53,127.0,0.564,False,11672.720000000001,3913.3091877373554,3377.788533397682,2170.2899690456356,0.0,3551.411730921333,0.3042488581000258,0.5638426952161765,0,True,0.060849771620005155,completed,completed,80
4434->6130,4434,6130,1,"(6780,)",0.55,1,0.55,127.0,0.564,False,12113.2,3981.1840467114766,3712.283386481742,2291.2510425633895,0.0,3895.5834698868134,0.3215982126842464,0.5667633337824849,0,True,0.06431964253684928,completed,completed,80
6130->4434,6130,4434,1,"(10826,)",0.55,1,0.55,127.0,0.564,False,12113.2,4654.3890940107285,6572.751320612233,2678.694011385055,0.0,6787.046841523037,0.5603017238651253,0.5848720815435399,0,True,0.11206034477302507,completed,completed,80
9624->10629,9624,10629,1,"(17566,)",0.55,1,0.55,177.8,0.509,False,12113.2,1924.3450373723497,3880.9748476526433,1113.5772371622922,0.0,3970.0610266256267,0.32774667524895373,0.6125164330130342,0,True,0.06554933504979076,completed,completed,80
10577->6145,10577,6145,1,"(20129,)",0.56,1,0.56,127.0,0.564,False,12333.44,4977.676509945227,8769.257489035619,2916.8387920037444,0.0,9002.60459239592,0.729934599949075,0.5939526953596793,0,True,0.145986919989815,completed,completed,80
5884->10566,5884,10566,1,"(10446,)",0.57,1,0.57,127.0,0.564,False,12553.679999999998,4341.456767046805,6085.640804860295,2232.287246372011,0.0,6264.2237845700565,0.4989950185579095,0.5817444877169117,0,True,0.0997990037115819,completed,completed,80
12328->12327,12328,12327,1,"(25822,)",0.59,1,0.59,88.9,0.637,False,12994.16,5108.061925384936,4090.923432610746,2051.2380422994224,0.0,4255.0224759947,0.32745652477687665,0.5211380240856548,0,True,0.06549130495537533,completed,completed,80
10882->12589,10882,12589,1,"(21531,)",0.61,1,0.61,127.0,0.564,False,13434.64,1982.7656575073565,1799.0255475373804,878.8939237844277,0.0,1869.3370614401347,0.13914307055791109,0.5374720075681483,0,True,0.027828614111582217,completed,completed,80
12589->10882,12589,10882,1,"(26670,)",0.61,1,0.61,127.0,0.564,False,13434.64,2534.137368251347,2462.863700221279,1123.2986241002138,0.0,2552.7275901492962,0.1900108666960407,0.5493508682249457,0,True,0.03800217333920814,completed,completed,80
4430->5794,4430,5794,1,"(6767,)",0.63,1,0.63,127.0,0.564,False,13875.12,4128.941232899579,5716.8530972798335,2346.49154038522,0.0,5904.572420510651,0.42555108860396523,0.5794500993956012,0,True,0.08511021772079305,completed,completed,80
4529->12407,4529,12407,1,"(7041,)",0.65,1,0.65,76.2,0.637,False,14315.6,5574.128974048227,5403.747095693387,2818.3194244857414,0.0,5629.212649652246,0.3932222644983267,0.5218934654993538,0,True,0.07864445289966535,completed,completed,80
10607->10601,10607,10601,1,"(20281,)",0.66,1,0.66,228.6,0.463,False,14535.84,386.9338304078506,2555.222167469436,374.01024047222836,0.0,2585.1429867072143,0.177846136632435,0.6323410635723293,0,True,0.035569227326487006,completed,completed,80
12407->12400,12407,12400,1,"(26054,)",0.66,1,0.66,63.5,0.637,False,14535.84,5643.894694548161,5060.343784626158,2253.607151533081,0.0,5240.632356748804,0.36053178603705077,0.511448660765943,0,True,0.07210635720741015,completed,completed,80
10894->12594,10894,12594,1,"(21587,)",0.7,1,0.7,127.0,0.564,False,15416.8,3289.9515081446903,4386.584806774116,1673.4886671429326,0.0,4520.463900145551,0.2932167440808437,0.5690808517354361,0,True,0.05864334881616874,completed,completed,80
6374->6377,6374,6377,1,"(11242,)",0.7,1,0.7,127.0,0.564,False,15416.8,4674.281885531577,9663.35624229049,2951.5672375122153,0.0,9899.481621291468,0.6421229841012057,0.5960738551248135,0,True,0.12842459682024115,completed,completed,80
6376->7138,6376,7138,1,"(11252,)",0.37,2,0.74,127.0,0.564,False,16297.76,5288.973863666155,2768.8751300227973,1599.7823694124204,0.0,2896.8577195757907,0.17774575890035138,0.561106904764774,0,True,0.03554915178007028,completed,completed,80
10827->4468,10827,4468,1,"(21277,)",0.79,1,0.79,63.5,0.637,False,17398.96,5133.705394966289,3583.9134272703113,2597.987110790264,0.0,3791.7523961335323,0.21792983006648287,0.5008530745914043,0,True,0.043585966013296576,completed,completed,80
4468->10827,4468,10827,1,"(6888,)",0.79,1,0.79,63.5,0.637,False,17398.96,5864.049583102372,6969.329007243536,2967.588527552237,0.0,7206.736089447714,0.41420499210571865,0.5212802361503158,0,True,0.08284099842114373,completed,completed,80
12327->12326,12327,12326,1,"(25817,)",0.81,1,0.81,88.9,0.637,False,17839.440000000002,5822.562219785149,10519.393962447946,3021.190534382519,0.0,10761.089205198548,0.6032190026816171,0.549984700952135,0,True,0.12064380053632343,completed,completed,80
5128->10547,5128,10547,1,"(8945,)",0.83,1,0.83,127.0,0.564,False,18279.92,4137.197668231643,8667.471167108983,2642.063103846471,0.0,8878.8362154167,0.4857152665556907,0.5915276497389914,0,True,0.09714305331113815,completed,completed,80
10623->7670,10623,7670,1,"(20349,)",1.0,1,1.0,152.4,0.509,False,22024.0,2689.094345479378,7447.067414516916,2330.0211593477193,0.0,7633.469107264734,0.34659776186272856,0.6185491208556126,0,True,0.06931955237254571,completed,completed,80
10629->10623,10629,10623,1,"(20380,)",1.0,1,1.0,177.8,0.509,False,22024.0,3234.619677287256,15714.022259740954,3285.9274376856056,0.0,15976.896454755803,0.7254311866489195,0.659324127392662,0,True,0.1450862373297839,completed,completed,80
10889->1952,10889,1952,1,"(21561,)",0.5,2,1.0,127.0,0.564,False,22024.0,6705.416256685103,6512.632203252229,2436.301239928921,0.0,6707.536302446543,0.3045557710882012,0.5885036953136296,0,True,0.06091115421764024,completed,completed,80
12589->2061,12589,2061,1,"(26669,)",0.5,2,1.0,127.0,0.564,False,22024.0,3321.3373294871744,2416.6308934645103,1206.752563047007,0.0,2513.171098508271,0.11411056567872643,0.5518377408185242,0,True,0.022822113135745288,completed,completed,80
1952->10889,1952,10889,1,"(1947,)",0.5,2,1.0,127.0,0.564,False,22024.0,5723.074513501461,4862.17604569982,2079.3837399055315,0.0,5028.526744892262,0.22832032078152298,0.5782629597512788,0,True,0.0456640641563046,completed,completed,80
4434->10575,4434,10575,1,"(6783,)",1.01,1,1.01,127.0,0.564,False,22244.24,3560.013394589527,5446.97083405906,3483.7499965365428,0.0,5725.670833781983,0.2574001554461731,0.5769249195183132,0,True,0.05148003108923463,completed,completed,80
7670->2086,7670,2086,1,"(14069,)",1.02,1,1.02,127.0,0.564,False,22464.48,2985.044555981996,3617.1317102215867,2950.0200331918077,0.0,3853.133312876931,0.17152114417413317,0.5633009313549193,0,True,0.03430422883482664,completed,completed,80
10893->10894,10893,10894,1,"(21582,)",1.04,1,1.04,127.0,0.564,False,22904.96,1714.786292071285,2759.44555417739,1227.7147835949531,0.0,2857.662736864986,0.12476174317112915,0.5484287529325242,0,True,0.02495234863422583,completed,completed,80
12641->1909,12641,1909,1,"(26850,)",1.16,1,1.16,127.0,0.564,False,25547.839999999997,5017.969857611521,25548.630028787575,3383.8512469141374,0.0,25819.338128540705,1.010627048256945,0.6251796428762212,0,True,0.20212540965138903,completed,completed,80
1909->12641,1909,12641,1,"(1791,)",1.16,1,1.16,127.0,0.564,False,25547.839999999997,4472.965807897734,17739.650076983045,3016.3295826698104,0.0,17980.95644359663,0.7038151344143627,0.6132329808871486,0,True,0.14076302688287254,completed,completed,80
