prescreen_signature,subset_index,repaired_station_count,repaired_stations,operational_stations,station_repair_cost_usd,road_budget_remaining_usd,evaluation_mode,evaluation_complete,served_total,served_ev,served_non_ev,ev_completion_target,ev_target_shortfall,ev_target_feasible,queue_feasible,hard_feasible,max_station_utilization,unstable_station_count,nonfinite_wait_station_count,finite_system_time_min,direct_ev_demand,energy_reachable_ev,max_stable_served_ev,structurally_unreachable_ev,charging_capacity_shortfall_ev,station_entries_3hr_json,station_strict_capacities_3hr_json,selected_for_warmstart,warmstart_selection_reason
975b95bc64c1d316,1,0,,C3;C8;C9,0.0,5000000.0,flood_range_capacity_maxflow_oracle,1,1077926.8118869655,19124.001886965398,1058802.81,19712.0,587.9981130346023,0,0,0,0.999999,0,0,,18811.481133692498,19698.025873274997,19124.001886965398,203.9470770950029,574.0239863095992,"{""C3"": 129.15081424528302, ""C8"": 79.11384493670884, ""C9"": 104.25609409090907}","{""C3"": 129.15081424528302, ""C8"": 79.11384493670884, ""C9"": 104.25609409090907}",0,
975b95bc64c1d316,2,1,C1,C1;C3;C8;C9,360000.0,4640000.0,flood_range_capacity_maxflow_oracle,1,1077976.081910688,19173.271910688025,1058802.81,19712.0,538.728089311975,0,0,0,0.999999,0,0,,18811.481133692498,19698.025873274997,19173.271910688025,203.9470770950029,524.7539625869715,"{""C1"": 49.27002372262774, ""C3"": 129.15081424528302, ""C8"": 79.11384493670884, ""C9"": 104.25609409090907}","{""C1"": 49.27002372262774, ""C3"": 129.15081424528302, ""C8"": 79.11384493670884, ""C9"": 104.25609409090907}",0,
975b95bc64c1d316,3,1,C2,C2;C3;C8;C9,240000.0,4760000.0,flood_range_capacity_maxflow_oracle,1,1077956.8118569655,19154.0018569654,1058802.81,19712.0,557.9981430346015,0,0,0,0.999999,0,0,,18811.481133692498,19698.025873274997,19154.0018569654,203.9470770950029,544.0240163095992,"{""C2"": 29.999969999999998, ""C3"": 129.15081424528302, ""C8"": 79.11384493670884, ""C9"": 104.25609409090907}","{""C2"": 29.999969999999998, ""C3"": 129.15081424528302, ""C8"": 79.11384493670884, ""C9"": 104.25609409090907}",0,
975b95bc64c1d316,4,1,C4,C3;C4;C8;C9,1800000.0,3200000.0,flood_range_capacity_maxflow_oracle,1,1078278.191025435,19475.381025434945,1058802.81,19712.0,236.6189745650554,0,0,0,0.999999,0,0,,18811.481133692498,19698.025873274997,19475.381025434945,203.9470770950029,222.6448478400522,"{""C3"": 129.15081424528302, ""C4"": 351.37913846954706, ""C8"": 79.11384493670884, ""C9"": 104.25609409090907}","{""C3"": 129.15081424528302, ""C4"": 351.37913846954706, ""C8"": 79.11384493670884, ""C9"": 104.25609409090907}",0,
975b95bc64c1d316,5,1,C5,C3;C5;C8;C9,780000.0,4220000.0,flood_range_capacity_maxflow_oracle,1,1078190.3251369654,19387.515136965398,1058802.81,19712.0,324.4848630346023,0,0,0,0.999999,0,0,,18811.481133692498,19706.147146324998,19387.515136965398,195.82580404500186,318.632009359599,"{""C3"": 129.15081424528302, ""C5"": 263.51325, ""C8"": 79.11384493670884, ""C9"": 104.25609409090907}","{""C3"": 129.15081424528302, ""C5"": 263.51325, ""C8"": 79.11384493670884, ""C9"": 104.25609409090907}",0,
975b95bc64c1d316,6,1,C6,C3;C6;C8;C9,7584000.0,-2584000.0,flood_range_capacity_maxflow_oracle,1,1078353.5882675578,19550.77826755778,1058802.81,19712.0,161.22173244221995,0,0,0,0.999999,0,0,,18811.481133692498,19698.025873274997,19550.77826755778,203.9470770950029,147.24760571721708,"{""C3"": 129.15081424528302, ""C6"": 579.4416149775, ""C8"": 15.308011602500002, ""C9"": 15.396693040000017}","{""C3"": 129.15081424528302, ""C6"": 1007.0348783326328, ""C8"": 79.11384493670884, ""C9"": 104.25609409090907}",0,
975b95bc64c1d316,7,1,C7,C3;C7;C8;C9,768000.0,4232000.0,flood_range_capacity_maxflow_oracle,1,1078050.433493726,19247.62349372596,1058802.81,19712.0,464.37650627403855,0,0,0,0.999999,0,0,,18811.481133692498,19712.551206417498,19247.62349372596,189.42174395250186,464.92771269153565,"{""C3"": 129.15081424528302, ""C7"": 123.62160676056338, ""C8"": 79.11384493670884, ""C9"": 104.25609409090907}","{""C3"": 129.15081424528302, ""C7"": 123.62160676056338, ""C8"": 79.11384493670884, ""C9"": 104.25609409090907}",0,
975b95bc64c1d316,8,2,C1;C2,C1;C2;C3;C8;C9,600000.0,4400000.0,flood_range_capacity_maxflow_oracle,1,1078006.081880688,19203.271880688026,1058802.81,19712.0,508.7281193119743,0,0,0,0.999999,0,0,,18811.481133692498,19698.025873274997,19203.271880688026,203.9470770950029,494.7539925869715,"{""C1"": 49.27002372262774, ""C2"": 29.999969999999998, ""C3"": 129.15081424528302, ""C8"": 79.11384493670884, ""C9"": 104.25609409090907}","{""C1"": 49.27002372262774, ""C2"": 29.999969999999998, ""C3"": 129.15081424528302, ""C8"": 79.11384493670884, ""C9"": 104.25609409090907}",0,
975b95bc64c1d316,9,2,C1;C4,C1;C3;C4;C8;C9,2160000.0,2840000.0,flood_range_capacity_maxflow_oracle,1,1078327.4610491577,19524.651049157572,1058802.81,19712.0,187.34895084242817,0,0,0,0.999999,0,0,,18811.481133692498,19698.025873274997,19524.651049157572,203.9470770950029,173.3748241174245,"{""C1"": 49.27002372262774, ""C3"": 129.15081424528302, ""C4"": 351.37913846954706, ""C8"": 79.11384493670884, ""C9"": 104.25609409090907}","{""C1"": 49.27002372262774, ""C3"": 129.15081424528302, ""C4"": 351.37913846954706, ""C8"": 79.11384493670884, ""C9"": 104.25609409090907}",0,
975b95bc64c1d316,10,2,C1;C5,C1;C3;C5;C8;C9,1140000.0,3860000.0,flood_range_capacity_maxflow_oracle,1,1078239.595160688,19436.785160688025,1058802.81,19712.0,275.2148393119751,0,0,0,0.999999,0,0,,18811.481133692498,19706.147146324998,19436.785160688025,195.82580404500186,269.3619856369713,"{""C1"": 49.27002372262774, ""C3"": 129.15081424528302, ""C5"": 263.51325, ""C8"": 79.11384493670884, ""C9"": 104.25609409090907}","{""C1"": 49.27002372262774, ""C3"": 129.15081424528302, ""C5"": 263.51325, ""C8"": 79.11384493670884, ""C9"": 104.25609409090907}",0,
975b95bc64c1d316,11,2,C1;C6,C1;C3;C6;C8;C9,7944000.0,-2944000.0,flood_range_capacity_maxflow_oracle,1,1078402.8582912805,19600.048291280407,1058802.81,19712.0,111.95170871959272,0,0,0,0.999999,0,0,,18811.481133692498,19698.025873274997,19600.048291280407,203.9470770950029,97.9775819945894,"{""C1"": 49.27002372262774, ""C3"": 129.15081424528302, ""C6"": 579.4416149775, ""C8"": 15.308011602500002, ""C9"": 15.396693040000017}","{""C1"": 49.27002372262774, ""C3"": 129.15081424528302, ""C6"": 1007.0348783326328, ""C8"": 79.11384493670884, ""C9"": 104.25609409090907}",0,
975b95bc64c1d316,12,2,C1;C7,C1;C3;C7;C8;C9,1128000.0,3872000.0,flood_range_capacity_maxflow_oracle,1,1078099.7035174486,19296.89351744859,1058802.81,19712.0,415.1064825514113,0,0,0,0.999999,0,0,,18811.481133692498,19712.551206417498,19296.89351744859,189.42174395250186,415.6576889689079,"{""C1"": 49.27002372262774, ""C3"": 129.15081424528302, ""C7"": 123.62160676056338, ""C8"": 79.11384493670884, ""C9"": 104.25609409090907}","{""C1"": 49.27002372262774, ""C3"": 129.15081424528302, ""C7"": 123.62160676056338, ""C8"": 79.11384493670884, ""C9"": 104.25609409090907}",0,
975b95bc64c1d316,13,2,C2;C4,C2;C3;C4;C8;C9,2040000.0,2960000.0,flood_range_capacity_maxflow_oracle,1,1078308.190995435,19505.380995434945,1058802.81,19712.0,206.61900456505464,0,0,0,0.999999,0,0,,18811.481133692498,19698.025873274997,19505.380995434945,203.9470770950029,192.64487784005212,"{""C2"": 29.999969999999998, ""C3"": 129.15081424528302, ""C4"": 351.37913846954706, ""C8"": 79.11384493670884, ""C9"": 104.25609409090907}","{""C2"": 29.999969999999998, ""C3"": 129.15081424528302, ""C4"": 351.37913846954706, ""C8"": 79.11384493670884, ""C9"": 104.25609409090907}",0,
975b95bc64c1d316,14,2,C2;C5,C2;C3;C5;C8;C9,1020000.0,3980000.0,flood_range_capacity_maxflow_oracle,1,1078220.3251069654,19417.5151069654,1058802.81,19712.0,294.48489303460155,0,0,0,0.999999,0,0,,18811.481133692498,19706.147146324998,19417.5151069654,195.82580404500186,288.63203935959916,"{""C2"": 29.999969999999998, ""C3"": 129.15081424528302, ""C5"": 263.51325, ""C8"": 79.11384493670884, ""C9"": 104.25609409090907}","{""C2"": 29.999969999999998, ""C3"": 129.15081424528302, ""C5"": 263.51325, ""C8"": 79.11384493670884, ""C9"": 104.25609409090907}",0,
975b95bc64c1d316,15,2,C2;C6,C2;C3;C6;C8;C9,7824000.0,-2824000.0,flood_range_capacity_maxflow_oracle,1,1078383.5882375578,19580.77823755778,1058802.81,19712.0,131.2217624422192,0,0,0,0.999999,0,0,,18811.481133692498,19698.025873274997,19580.77823755778,203.9470770950029,117.24763571721724,"{""C2"": 29.999969999999998, ""C3"": 129.15081424528302, ""C6"": 579.4416149775, ""C8"": 15.308011602500002, ""C9"": 15.396693040000017}","{""C2"": 29.999969999999998, ""C3"": 129.15081424528302, ""C6"": 1007.0348783326328, ""C8"": 79.11384493670884, ""C9"": 104.25609409090907}",0,
975b95bc64c1d316,16,2,C2;C7,C2;C3;C7;C8;C9,1008000.0,3992000.0,flood_range_capacity_maxflow_oracle,1,1078080.433463726,19277.623463725962,1058802.81,19712.0,434.3765362740378,0,0,0,0.999999,0,0,,18811.481133692498,19712.551206417498,19277.623463725962,189.42174395250186,434.9277426915358,"{""C2"": 29.999969999999998, ""C3"": 129.15081424528302, ""C7"": 123.62160676056338, ""C8"": 79.11384493670884, ""C9"": 104.25609409090907}","{""C2"": 29.999969999999998, ""C3"": 129.15081424528302, ""C7"": 123.62160676056338, ""C8"": 79.11384493670884, ""C9"": 104.25609409090907}",0,
975b95bc64c1d316,17,2,C4;C5,C3;C4;C5;C8;C9,2580000.0,2420000.0,flood_range_capacity_maxflow_oracle,1,1078508.9571463251,19706.147146324998,1058802.81,19712.0,5.852853675001825,0,1,0,0.999999,0,0,,18811.481133692498,19706.147146324998,19706.147146324998,195.82580404500186,0.0,"{""C3"": 129.15081424528302, ""C4"": 351.37913846954706, ""C5"": 263.51325, ""C8"": 79.11384493670884, ""C9"": 71.50896498096124}","{""C3"": 129.15081424528302, ""C4"": 351.37913846954706, ""C5"": 263.51325, ""C8"": 79.11384493670884, ""C9"": 104.25609409090907}",0,
975b95bc64c1d316,18,2,C4;C6,C3;C4;C6;C8;C9,9384000.0,-4384000.0,flood_range_capacity_maxflow_oracle,1,1078435.217128493,19632.40712849278,1058802.81,19712.0,79.59287150721866,0,0,0,0.999999,0,0,,18811.481133692498,19698.025873274997,19632.40712849278,203.9470770950029,65.61874478221705,"{""C3"": 129.15081424528302, ""C4"": 351.37913846954706, ""C6"": 309.691337442953, ""C8"": 15.308011602500002, ""C9"": 15.396693040000017}","{""C3"": 129.15081424528302, ""C4"": 351.37913846954706, ""C6"": 1007.0348783326328, ""C8"": 79.11384493670884, ""C9"": 104.25609409090907}",0,
975b95bc64c1d316,19,2,C4;C7,C3;C4;C7;C8;C9,2568000.0,2432000.0,flood_range_capacity_maxflow_oracle,1,1078401.8126321957,19599.00263219551,1058802.81,19712.0,112.99736780449166,0,0,0,0.999999,0,0,,18811.481133692498,19712.551206417498,19599.00263219551,189.42174395250186,113.54857422198882,"{""C3"": 129.15081424528302, ""C4"": 351.37913846954706, ""C7"": 123.62160676056338, ""C8"": 79.11384493670884, ""C9"": 104.25609409090907}","{""C3"": 129.15081424528302, ""C4"": 351.37913846954706, ""C7"": 123.62160676056338, ""C8"": 79.11384493670884, ""C9"": 104.25609409090907}",0,
975b95bc64c1d316,20,2,C5;C6,C3;C5;C6;C8;C9,8364000.0,-3364000.0,flood_range_capacity_maxflow_oracle,1,1078508.9571463251,19706.147146324998,1058802.81,19712.0,5.852853675001825,0,1,0,0.999999,0,0,,18811.481133692498,19706.147146324998,19706.147146324998,195.82580404500186,0.0,"{""C3"": 129.15081424528302, ""C5"": 263.51325, ""C6"": 471.297243744717, ""C8"": 15.308011602500002, ""C9"": 15.396693040000017}","{""C3"": 129.15081424528302, ""C5"": 263.51325, ""C6"": 1007.0348783326328, ""C8"": 79.11384493670884, ""C9"": 104.25609409090907}",0,
975b95bc64c1d316,21,2,C5;C7,C3;C5;C7;C8;C9,1548000.0,3452000.0,flood_range_capacity_maxflow_oracle,1,1078313.946743726,19511.13674372596,1058802.81,19712.0,200.86325627403858,0,0,0,0.999999,0,0,,18811.481133692498,19712.551206417498,19511.13674372596,189.42174395250186,201.41446269153585,"{""C3"": 129.15081424528302, ""C5"": 263.51325, ""C7"": 123.62160676056338, ""C8"": 79.11384493670884, ""C9"": 104.25609409090907}","{""C3"": 129.15081424528302, ""C5"": 263.51325, ""C7"": 123.62160676056338, ""C8"": 79.11384493670884, ""C9"": 104.25609409090907}",0,
975b95bc64c1d316,22,2,C6;C7,C3;C6;C7;C8;C9,8352000.0,-3352000.0,flood_range_capacity_maxflow_oracle,1,1078393.7002446079,19590.89024460778,1058802.81,19712.0,121.10975539221909,0,0,0,0.999999,0,0,,18811.481133692498,19712.551206417498,19590.89024460778,189.42174395250186,121.66096180971692,"{""C3"": 129.15081424528302, ""C6"": 579.4416149775, ""C7"": 68.54921645000002, ""C8"": 0.8672827900000044, ""C9"": 1.4001824525000046}","{""C3"": 129.15081424528302, ""C6"": 1007.0348783326328, ""C7"": 123.62160676056338, ""C8"": 79.11384493670884, ""C9"": 104.25609409090907}",0,
975b95bc64c1d316,23,3,C1;C2;C4,C1;C2;C3;C4;C8;C9,2400000.0,2600000.0,flood_range_capacity_maxflow_oracle,1,1078357.4610191577,19554.651019157573,1058802.81,19712.0,157.3489808424274,0,0,0,0.999999,0,0,,18811.481133692498,19698.025873274997,19554.651019157573,203.9470770950029,143.37485411742443,"{""C1"": 49.27002372262774, ""C2"": 29.999969999999998, ""C3"": 129.15081424528302, ""C4"": 351.37913846954706, ""C8"": 79.11384493670884, ""C9"": 104.25609409090907}","{""C1"": 49.27002372262774, ""C2"": 29.999969999999998, ""C3"": 129.15081424528302, ""C4"": 351.37913846954706, ""C8"": 79.11384493670884, ""C9"": 104.25609409090907}",0,
975b95bc64c1d316,24,3,C1;C2;C5,C1;C2;C3;C5;C8;C9,1380000.0,3620000.0,flood_range_capacity_maxflow_oracle,1,1078269.595130688,19466.785130688026,1058802.81,19712.0,245.21486931197433,0,0,0,0.999999,0,0,,18811.481133692498,19706.147146324998,19466.785130688026,195.82580404500186,239.36201563697148,"{""C1"": 49.27002372262774, ""C2"": 29.999969999999998, ""C3"": 129.15081424528302, ""C5"": 263.51325, ""C8"": 79.11384493670884, ""C9"": 104.25609409090907}","{""C1"": 49.27002372262774, ""C2"": 29.999969999999998, ""C3"": 129.15081424528302, ""C5"": 263.51325, ""C8"": 79.11384493670884, ""C9"": 104.25609409090907}",0,
975b95bc64c1d316,25,3,C1;C2;C6,C1;C2;C3;C6;C8;C9,8184000.0,-3184000.0,flood_range_capacity_maxflow_oracle,1,1078432.8582612805,19630.048261280408,1058802.81,19712.0,81.95173871959196,0,0,0,0.999999,0,0,,18811.481133692498,19698.025873274997,19630.048261280408,203.9470770950029,67.97761199458932,"{""C1"": 49.27002372262774, ""C2"": 29.999969999999998, ""C3"": 129.15081424528302, ""C6"": 579.4416149775, ""C8"": 15.308011602500002, ""C9"": 15.396693040000017}","{""C1"": 49.27002372262774, ""C2"": 29.999969999999998, ""C3"": 129.15081424528302, ""C6"": 1007.0348783326328, ""C8"": 79.11384493670884, ""C9"": 104.25609409090907}",0,
975b95bc64c1d316,26,3,C1;C2;C7,C1;C2;C3;C7;C8;C9,1368000.0,3632000.0,flood_range_capacity_maxflow_oracle,1,1078129.7034874486,19326.89348744859,1058802.81,19712.0,385.10651255141056,0,0,0,0.999999,0,0,,18811.481133692498,19712.551206417498,19326.89348744859,189.42174395250186,385.65771896890794,"{""C1"": 49.27002372262774, ""C2"": 29.999969999999998, ""C3"": 129.15081424528302, ""C7"": 123.62160676056338, ""C8"": 79.11384493670884, ""C9"": 104.25609409090907}","{""C1"": 49.27002372262774, ""C2"": 29.999969999999998, ""C3"": 129.15081424528302, ""C7"": 123.62160676056338, ""C8"": 79.11384493670884, ""C9"": 104.25609409090907}",0,
975b95bc64c1d316,27,3,C1;C4;C5,C1;C3;C4;C5;C8;C9,2940000.0,2060000.0,flood_range_capacity_maxflow_oracle,1,1078508.9571463251,19706.147146324998,1058802.81,19712.0,5.852853675001825,0,1,0,0.999999,0,0,,18811.481133692498,19706.147146324998,19706.147146324998,195.82580404500186,0.0,"{""C1"": 49.27002372262774, ""C3"": 129.15081424528302, ""C4"": 351.37913846954706, ""C5"": 263.51325, ""C8"": 79.11384493670884, ""C9"": 22.23894125833347}","{""C1"": 49.27002372262774, ""C3"": 129.15081424528302, ""C4"": 351.37913846954706, ""C5"": 263.51325, ""C8"": 79.11384493670884, ""C9"": 104.25609409090907}",0,
975b95bc64c1d316,28,3,C1;C4;C6,C1;C3;C4;C6;C8;C9,9744000.0,-4744000.0,flood_range_capacity_maxflow_oracle,1,1078484.4871522156,19681.67715221541,1058802.81,19712.0,30.32284778459143,0,0,0,0.999999,0,0,,18811.481133692498,19698.025873274997,19681.67715221541,203.9470770950029,16.348721059589252,"{""C1"": 49.27002372262774, ""C3"": 129.15081424528302, ""C4"": 351.37913846954706, ""C6"": 309.691337442953, ""C8"": 15.308011602500002, ""C9"": 15.396693040000017}","{""C1"": 49.27002372262774, ""C3"": 129.15081424528302, ""C4"": 351.37913846954706, ""C6"": 1007.0348783326328, ""C8"": 79.11384493670884, ""C9"": 104.25609409090907}",0,
975b95bc64c1d316,29,3,C1;C4;C7,C1;C3;C4;C7;C8;C9,2928000.0,2072000.0,flood_range_capacity_maxflow_oracle,1,1078451.082655918,19648.272655918136,1058802.81,19712.0,63.72734408186443,0,0,0,0.999999,0,0,,18811.481133692498,19712.551206417498,19648.272655918136,189.42174395250186,64.2785504993609,"{""C1"": 49.27002372262774, ""C3"": 129.15081424528302, ""C4"": 351.37913846954706, ""C7"": 123.62160676056338, ""C8"": 79.11384493670884, ""C9"": 104.25609409090907}","{""C1"": 49.27002372262774, ""C3"": 129.15081424528302, ""C4"": 351.37913846954706, ""C7"": 123.62160676056338, ""C8"": 79.11384493670884, ""C9"": 104.25609409090907}",0,
975b95bc64c1d316,30,3,C1;C5;C6,C1;C3;C5;C6;C8;C9,8724000.0,-3724000.0,flood_range_capacity_maxflow_oracle,1,1078508.9571463251,19706.147146324998,1058802.81,19712.0,5.852853675001825,0,1,0,0.999999,0,0,,18811.481133692498,19706.147146324998,19706.147146324998,195.82580404500186,0.0,"{""C1"": 49.27002372262774, ""C3"": 129.15081424528302, ""C5"": 263.51325, ""C6"": 422.0272200220893, ""C8"": 15.308011602500002, ""C9"": 15.396693040000017}","{""C1"": 49.27002372262774, ""C3"": 129.15081424528302, ""C5"": 263.51325, ""C6"": 1007.0348783326328, ""C8"": 79.11384493670884, ""C9"": 104.25609409090907}",0,
975b95bc64c1d316,31,3,C1;C5;C7,C1;C3;C5;C7;C8;C9,1908000.0,3092000.0,flood_range_capacity_maxflow_oracle,1,1078363.2167674487,19560.40676744859,1058802.81,19712.0,151.59323255141135,0,0,0,0.999999,0,0,,18811.481133692498,19712.551206417498,19560.40676744859,189.42174395250186,152.14443896890805,"{""C1"": 49.27002372262774, ""C3"": 129.15081424528302, ""C5"": 263.51325, ""C7"": 123.62160676056338, ""C8"": 79.11384493670884, ""C9"": 104.25609409090907}","{""C1"": 49.27002372262774, ""C3"": 129.15081424528302, ""C5"": 263.51325, ""C7"": 123.62160676056338, ""C8"": 79.11384493670884, ""C9"": 104.25609409090907}",0,
975b95bc64c1d316,32,3,C1;C6;C7,C1;C3;C6;C7;C8;C9,8712000.0,-3712000.0,flood_range_capacity_maxflow_oracle,1,1078442.9702683305,19640.160268330408,1058802.81,19712.0,71.83973166959186,0,0,0,0.999999,0,0,,18811.481133692498,19712.551206417498,19640.160268330408,189.42174395250186,72.39093808708935,"{""C1"": 49.27002372262774, ""C3"": 129.15081424528302, ""C6"": 579.4416149775, ""C7"": 68.54921645000002, ""C8"": 0.8672827900000044, ""C9"": 1.4001824525000046}","{""C1"": 49.27002372262774, ""C3"": 129.15081424528302, ""C6"": 1007.0348783326328, ""C7"": 123.62160676056338, ""C8"": 79.11384493670884, ""C9"": 104.25609409090907}",0,
975b95bc64c1d316,33,3,C2;C4;C5,C2;C3;C4;C5;C8;C9,2820000.0,2180000.0,flood_range_capacity_maxflow_oracle,1,1078508.9571463251,19706.147146324998,1058802.81,19712.0,5.852853675001825,0,1,0,0.999999,0,0,,18811.481133692498,19706.147146324998,19706.147146324998,195.82580404500186,0.0,"{""C2"": 29.999969999999998, ""C3"": 129.15081424528302, ""C4"": 351.37913846954706, ""C5"": 263.51325, ""C8"": 79.11384493670884, ""C9"": 41.50899498096122}","{""C2"": 29.999969999999998, ""C3"": 129.15081424528302, ""C4"": 351.37913846954706, ""C5"": 263.51325, ""C8"": 79.11384493670884, ""C9"": 104.25609409090907}",0,
975b95bc64c1d316,34,3,C2;C4;C6,C2;C3;C4;C6;C8;C9,9624000.0,-4624000.0,flood_range_capacity_maxflow_oracle,1,1078447.496262628,19644.68626262778,1058802.81,19712.0,67.3137373722202,0,0,0,0.999999,0,0,,18811.481133692498,19698.025873274997,19644.68626262778,203.9470770950029,53.339610647217114,"{""C2"": 29.999969999999998, ""C3"": 129.15081424528302, ""C4"": 351.37913846954706, ""C6"": 291.970501577953, ""C8"": 15.308011602500002, ""C9"": 15.396693040000017}","{""C2"": 29.999969999999998, ""C3"": 129.15081424528302, ""C4"": 351.37913846954706, ""C6"": 1007.0348783326328, ""C8"": 79.11384493670884, ""C9"": 104.25609409090907}",0,
975b95bc64c1d316,35,3,C2;C4;C7,C2;C3;C4;C7;C8;C9,2808000.0,2192000.0,flood_range_capacity_maxflow_oracle,1,1078431.8126021957,19629.00260219551,1058802.81,19712.0,82.9973978044909,0,0,0,0.999999,0,0,,18811.481133692498,19712.551206417498,19629.00260219551,189.42174395250186,83.54860422198874,"{""C2"": 29.999969999999998, ""C3"": 129.15081424528302, ""C4"": 351.37913846954706, ""C7"": 123.62160676056338, ""C8"": 79.11384493670884, ""C9"": 104.25609409090907}","{""C2"": 29.999969999999998, ""C3"": 129.15081424528302, ""C4"": 351.37913846954706, ""C7"": 123.62160676056338, ""C8"": 79.11384493670884, ""C9"": 104.25609409090907}",0,
975b95bc64c1d316,36,3,C2;C5;C6,C2;C3;C5;C6;C8;C9,8604000.0,-3604000.0,flood_range_capacity_maxflow_oracle,1,1078508.9571463251,19706.147146324998,1058802.81,19712.0,5.852853675001825,0,1,0,0.999999,0,0,,18811.481133692498,19706.147146324998,19706.147146324998,195.82580404500186,0.0,"{""C2"": 29.999969999999998, ""C3"": 129.15081424528302, ""C5"": 263.51325, ""C6"": 441.2972737447169, ""C8"": 15.308011602500002, ""C9"": 15.396693040000017}","{""C2"": 29.999969999999998, ""C3"": 129.15081424528302, ""C5"": 263.51325, ""C6"": 1007.0348783326328, ""C8"": 79.11384493670884, ""C9"": 104.25609409090907}",0,
975b95bc64c1d316,37,3,C2;C5;C7,C2;C3;C5;C7;C8;C9,1788000.0,3212000.0,flood_range_capacity_maxflow_oracle,1,1078343.946713726,19541.136713725962,1058802.81,19712.0,170.86328627403782,0,0,0,0.999999,0,0,,18811.481133692498,19712.551206417498,19541.136713725962,189.42174395250186,171.414492691536,"{""C2"": 29.999969999999998, ""C3"": 129.15081424528302, ""C5"": 263.51325, ""C7"": 123.62160676056338, ""C8"": 79.11384493670884, ""C9"": 104.25609409090907}","{""C2"": 29.999969999999998, ""C3"": 129.15081424528302, ""C5"": 263.51325, ""C7"": 123.62160676056338, ""C8"": 79.11384493670884, ""C9"": 104.25609409090907}",0,
975b95bc64c1d316,38,3,C2;C6;C7,C2;C3;C6;C7;C8;C9,8592000.0,-3592000.0,flood_range_capacity_maxflow_oracle,1,1078423.7002146079,19620.89021460778,1058802.81,19712.0,91.10978539221833,0,0,0,0.999999,0,0,,18811.481133692498,19712.551206417498,19620.89021460778,189.42174395250186,91.66099180971696,"{""C2"": 29.999969999999998, ""C3"": 129.15081424528302, ""C6"": 579.4416149775, ""C7"": 68.54921645000002, ""C8"": 0.8672827900000044, ""C9"": 1.4001824525000046}","{""C2"": 29.999969999999998, ""C3"": 129.15081424528302, ""C6"": 1007.0348783326328, ""C7"": 123.62160676056338, ""C8"": 79.11384493670884, ""C9"": 104.25609409090907}",0,
975b95bc64c1d316,39,3,C4;C5;C6,C3;C4;C5;C6;C8;C9,10164000.0,-5164000.0,flood_range_capacity_maxflow_oracle,1,1078508.9571463251,19706.147146324998,1058802.81,19712.0,5.852853675001825,0,1,0,0.999999,0,0,,18811.481133692498,19706.147146324998,19706.147146324998,195.82580404500186,0.0,"{""C3"": 129.15081424528302, ""C4"": 351.37913846954706, ""C5"": 263.51325, ""C6"": 129.24223701767005, ""C8"": 10.724903165, ""C9"": 10.655669735000018}","{""C3"": 129.15081424528302, ""C4"": 351.37913846954706, ""C5"": 263.51325, ""C6"": 1007.0348783326328, ""C8"": 79.11384493670884, ""C9"": 104.25609409090907}",0,
975b95bc64c1d316,40,3,C4;C5;C7,C3;C4;C5;C7;C8;C9,3348000.0,1652000.0,flood_range_capacity_maxflow_oracle,1,1078515.3612064174,19712.551206417498,1058802.81,19712.0,0.0,1,1,1,0.999999,0,0,,18811.481133692498,19712.551206417498,19712.551206417498,189.42174395250186,1.1368683772161603e-13,"{""C3"": 129.15081424528302, ""C4"": 351.37913846954706, ""C5"": 263.51325, ""C7"": 123.62160676056338, ""C8"": 32.0050807971067, ""C9"": 1.4001824525000046}","{""C3"": 129.15081424528302, ""C4"": 351.37913846954706, ""C5"": 263.51325, ""C7"": 123.62160676056338, ""C8"": 79.11384493670884, ""C9"": 104.25609409090907}",1,user-specified 3/4-station queue-feasible warm start
975b95bc64c1d316,41,3,C4;C6;C7,C3;C4;C6;C7;C8;C9,10152000.0,-5152000.0,flood_range_capacity_maxflow_oracle,1,1078475.3288565828,19672.51885658278,1058802.81,19712.0,39.481143417218846,0,0,0,0.999999,0,0,,18811.481133692498,19712.551206417498,19672.51885658278,189.42174395250186,40.032349834717024,"{""C3"": 129.15081424528302, ""C4"": 351.37913846954706, ""C6"": 309.691337442953, ""C7"": 68.54896749000002, ""C8"": 0.8672827900000044, ""C9"": 1.4001824525000046}","{""C3"": 129.15081424528302, ""C4"": 351.37913846954706, ""C6"": 1007.0348783326328, ""C7"": 123.62160676056338, ""C8"": 79.11384493670884, ""C9"": 104.25609409090907}",0,
975b95bc64c1d316,42,3,C5;C6;C7,C3;C5;C6;C7;C8;C9,9132000.0,-4132000.0,flood_range_capacity_maxflow_oracle,1,1078515.3612064174,19712.551206417498,1058802.81,19712.0,0.0,1,1,1,0.999999,0,0,,18811.481133692498,19712.551206417498,19712.551206417498,189.42174395250186,0.0,"{""C3"": 129.15081424528302, ""C5"": 263.51325, ""C6"": 471.297243744717, ""C7"": 34.84129949250001, ""C8"": 0.8672827900000044, ""C9"": 1.4001824525000046}","{""C3"": 129.15081424528302, ""C5"": 263.51325, ""C6"": 1007.0348783326328, ""C7"": 123.62160676056338, ""C8"": 79.11384493670884, ""C9"": 104.25609409090907}",0,requested explicit package skipped because station cost exceeds budget
975b95bc64c1d316,43,4,C1;C2;C4;C5,C1;C2;C3;C4;C5;C8;C9,3180000.0,1820000.0,flood_range_capacity_maxflow_oracle,1,1078508.9571463251,19706.147146324998,1058802.81,19712.0,5.852853675001825,0,1,0,0.999999,0,0,,18811.481133692498,19706.147146324998,19706.147146324998,195.82580404500186,0.0,"{""C1"": 49.27002372262774, ""C2"": 29.999969999999998, ""C3"": 129.15081424528302, ""C4"": 351.37913846954706, ""C5"": 263.51325, ""C8"": 60.697146460042305, ""C9"": 10.655669735000018}","{""C1"": 49.27002372262774, ""C2"": 29.999969999999998, ""C3"": 129.15081424528302, ""C4"": 351.37913846954706, ""C5"": 263.51325, ""C8"": 79.11384493670884, ""C9"": 104.25609409090907}",0,
975b95bc64c1d316,44,4,C1;C2;C4;C6,C1;C2;C3;C4;C6;C8;C9,9984000.0,-4984000.0,flood_range_capacity_maxflow_oracle,1,1078496.7662863506,19693.956286350407,1058802.81,19712.0,18.043713649592974,0,0,0,0.999999,0,0,,18811.481133692498,19698.025873274997,19693.956286350407,203.9470770950029,4.06958692458943,"{""C1"": 49.27002372262774, ""C2"": 29.999969999999998, ""C3"": 129.15081424528302, ""C4"": 351.37913846954706, ""C6"": 291.970501577953, ""C8"": 15.308011602500002, ""C9"": 15.396693040000017}","{""C1"": 49.27002372262774, ""C2"": 29.999969999999998, ""C3"": 129.15081424528302, ""C4"": 351.37913846954706, ""C6"": 1007.0348783326328, ""C8"": 79.11384493670884, ""C9"": 104.25609409090907}",0,
975b95bc64c1d316,45,4,C1;C2;C4;C7,C1;C2;C3;C4;C7;C8;C9,3168000.0,1832000.0,flood_range_capacity_maxflow_oracle,1,1078481.082625918,19678.272625918136,1058802.81,19712.0,33.72737408186367,0,0,0,0.999999,0,0,,18811.481133692498,19712.551206417498,19678.272625918136,189.42174395250186,34.27858049936094,"{""C1"": 49.27002372262774, ""C2"": 29.999969999999998, ""C3"": 129.15081424528302, ""C4"": 351.37913846954706, ""C7"": 123.62160676056338, ""C8"": 79.11384493670884, ""C9"": 104.25609409090907}","{""C1"": 49.27002372262774, ""C2"": 29.999969999999998, ""C3"": 129.15081424528302, ""C4"": 351.37913846954706, ""C7"": 123.62160676056338, ""C8"": 79.11384493670884, ""C9"": 104.25609409090907}",0,
975b95bc64c1d316,46,4,C1;C2;C5;C6,C1;C2;C3;C5;C6;C8;C9,8964000.0,-3964000.0,flood_range_capacity_maxflow_oracle,1,1078508.9571463251,19706.147146324998,1058802.81,19712.0,5.852853675001825,0,1,0,0.999999,0,0,,18811.481133692498,19706.147146324998,19706.147146324998,195.82580404500186,0.0,"{""C1"": 49.27002372262774, ""C2"": 29.999969999999998, ""C3"": 129.15081424528302, ""C5"": 263.51325, ""C6"": 392.0272500220892, ""C8"": 15.308011602500002, ""C9"": 15.396693040000017}","{""C1"": 49.27002372262774, ""C2"": 29.999969999999998, ""C3"": 129.15081424528302, ""C5"": 263.51325, ""C6"": 1007.0348783326328, ""C8"": 79.11384493670884, ""C9"": 104.25609409090907}",0,
975b95bc64c1d316,47,4,C1;C2;C5;C7,C1;C2;C3;C5;C7;C8;C9,2148000.0,2852000.0,flood_range_capacity_maxflow_oracle,1,1078393.2167374487,19590.40673744859,1058802.81,19712.0,121.59326255141059,0,0,0,0.999999,0,0,,18811.481133692498,19712.551206417498,19590.40673744859,189.42174395250186,122.1444689689082,"{""C1"": 49.27002372262774, ""C2"": 29.999969999999998, ""C3"": 129.15081424528302, ""C5"": 263.51325, ""C7"": 123.62160676056338, ""C8"": 79.11384493670884, ""C9"": 104.25609409090907}","{""C1"": 49.27002372262774, ""C2"": 29.999969999999998, ""C3"": 129.15081424528302, ""C5"": 263.51325, ""C7"": 123.62160676056338, ""C8"": 79.11384493670884, ""C9"": 104.25609409090907}",0,
975b95bc64c1d316,48,4,C1;C2;C6;C7,C1;C2;C3;C6;C7;C8;C9,8952000.0,-3952000.0,flood_range_capacity_maxflow_oracle,1,1078472.9702383305,19670.16023833041,1058802.81,19712.0,41.8397616695911,0,0,0,0.999999,0,0,,18811.481133692498,19712.551206417498,19670.16023833041,189.42174395250186,42.39096808708928,"{""C1"": 49.27002372262774, ""C2"": 29.999969999999998, ""C3"": 129.15081424528302, ""C6"": 579.4416149775, ""C7"": 68.54921645000002, ""C8"": 0.8672827900000044, ""C9"": 1.4001824525000046}","{""C1"": 49.27002372262774, ""C2"": 29.999969999999998, ""C3"": 129.15081424528302, ""C6"": 1007.0348783326328, ""C7"": 123.62160676056338, ""C8"": 79.11384493670884, ""C9"": 104.25609409090907}",0,
975b95bc64c1d316,49,4,C1;C4;C5;C6,C1;C3;C4;C5;C6;C8;C9,10524000.0,-5524000.0,flood_range_capacity_maxflow_oracle,1,1078508.9571463251,19706.147146324998,1058802.81,19712.0,5.852853675001825,0,1,0,0.999999,0,0,,18811.481133692498,19706.147146324998,19706.147146324998,195.82580404500186,0.0,"{""C1"": 49.27002372262774, ""C3"": 129.15081424528302, ""C4"": 351.37913846954706, ""C5"": 263.51325, ""C6"": 79.97221329504237, ""C8"": 10.724903165, ""C9"": 10.655669735000018}","{""C1"": 49.27002372262774, ""C3"": 129.15081424528302, ""C4"": 351.37913846954706, ""C5"": 263.51325, ""C6"": 1007.0348783326328, ""C8"": 79.11384493670884, ""C9"": 104.25609409090907}",0,
975b95bc64c1d316,50,4,C1;C4;C5;C7,C1;C3;C4;C5;C7;C8;C9,3708000.0,1292000.0,flood_range_capacity_maxflow_oracle,1,1078515.3612064174,19712.551206417498,1058802.81,19712.0,0.0,1,1,1,0.999999,0,0,,18811.481133692498,19712.551206417498,19712.551206417498,189.42174395250186,0.0,"{""C1"": 49.27002372262774, ""C3"": 129.15081424528302, ""C4"": 351.37913846954706, ""C5"": 263.51325, ""C7"": 105.48938104504231, ""C8"": 0.8672827900000044, ""C9"": 1.4001824525000046}","{""C1"": 49.27002372262774, ""C3"": 129.15081424528302, ""C4"": 351.37913846954706, ""C5"": 263.51325, ""C7"": 123.62160676056338, ""C8"": 79.11384493670884, ""C9"": 104.25609409090907}",1,user-specified 3/4-station queue-feasible warm start
975b95bc64c1d316,51,4,C1;C4;C6;C7,C1;C3;C4;C6;C7;C8;C9,10512000.0,-5512000.0,flood_range_capacity_maxflow_oracle,1,1078515.3612064174,19712.551206417498,1058802.81,19712.0,0.0,1,1,1,0.999999,0,0,,18811.481133692498,19712.551206417498,19712.551206417498,189.42174395250186,0.0,"{""C1"": 49.27002372262774, ""C3"": 129.15081424528302, ""C4"": 351.37913846954706, ""C6"": 300.45366355504234, ""C7"": 68.54896749000002, ""C8"": 0.8672827900000044, ""C9"": 1.4001824525000046}","{""C1"": 49.27002372262774, ""C3"": 129.15081424528302, ""C4"": 351.37913846954706, ""C6"": 1007.0348783326328, ""C7"": 123.62160676056338, ""C8"": 79.11384493670884, ""C9"": 104.25609409090907}",0,requested explicit package skipped because station cost exceeds budget
975b95bc64c1d316,52,4,C1;C5;C6;C7,C1;C3;C5;C6;C7;C8;C9,9492000.0,-4492000.0,flood_range_capacity_maxflow_oracle,1,1078515.3612064174,19712.551206417498,1058802.81,19712.0,0.0,1,1,1,0.999999,0,0,,18811.481133692498,19712.551206417498,19712.551206417498,189.42174395250186,0.0,"{""C1"": 49.27002372262774, ""C3"": 129.15081424528302, ""C5"": 263.51325, ""C6"": 422.0272200220893, ""C7"": 34.84129949250001, ""C8"": 0.8672827900000044, ""C9"": 1.4001824525000046}","{""C1"": 49.27002372262774, ""C3"": 129.15081424528302, ""C5"": 263.51325, ""C6"": 1007.0348783326328, ""C7"": 123.62160676056338, ""C8"": 79.11384493670884, ""C9"": 104.25609409090907}",0,requested explicit package skipped because station cost exceeds budget
975b95bc64c1d316,53,4,C2;C4;C5;C6,C2;C3;C4;C5;C6;C8;C9,10404000.0,-5404000.0,flood_range_capacity_maxflow_oracle,1,1078508.9571463251,19706.147146324998,1058802.81,19712.0,5.852853675001825,0,1,0,0.999999,0,0,,18811.481133692498,19706.147146324998,19706.147146324998,195.82580404500186,0.0,"{""C2"": 29.999969999999998, ""C3"": 129.15081424528302, ""C4"": 351.37913846954706, ""C5"": 263.51325, ""C6"": 99.2422670176702, ""C8"": 10.724903165, ""C9"": 10.655669735000018}","{""C2"": 29.999969999999998, ""C3"": 129.15081424528302, ""C4"": 351.37913846954706, ""C5"": 263.51325, ""C6"": 1007.0348783326328, ""C8"": 79.11384493670884, ""C9"": 104.25609409090907}",0,
975b95bc64c1d316,54,4,C2;C4;C5;C7,C2;C3;C4;C5;C7;C8;C9,3588000.0,1412000.0,flood_range_capacity_maxflow_oracle,1,1078515.3612064174,19712.551206417498,1058802.81,19712.0,0.0,1,1,1,0.999999,0,0,,18811.481133692498,19712.551206417498,19712.551206417498,189.42174395250186,0.0,"{""C2"": 29.999969999999998, ""C3"": 129.15081424528302, ""C4"": 351.37913846954706, ""C5"": 263.51325, ""C7"": 123.62160676056338, ""C8"": 2.0051107971066813, ""C9"": 1.4001824525000046}","{""C2"": 29.999969999999998, ""C3"": 129.15081424528302, ""C4"": 351.37913846954706, ""C5"": 263.51325, ""C7"": 123.62160676056338, ""C8"": 79.11384493670884, ""C9"": 104.25609409090907}",1,user-specified 3/4-station queue-feasible warm start
975b95bc64c1d316,55,4,C2;C4;C6;C7,C2;C3;C4;C6;C7;C8;C9,10392000.0,-5392000.0,flood_range_capacity_maxflow_oracle,1,1078487.6079907177,19684.79799071778,1058802.81,19712.0,27.202009282220388,0,0,0,0.999999,0,0,,18811.481133692498,19712.551206417498,19684.79799071778,189.42174395250186,27.753215699716975,"{""C2"": 29.999969999999998, ""C3"": 129.15081424528302, ""C4"": 351.37913846954706, ""C6"": 291.970501577953, ""C7"": 68.54896749000002, ""C8"": 0.8672827900000044, ""C9"": 1.4001824525000046}","{""C2"": 29.999969999999998, ""C3"": 129.15081424528302, ""C4"": 351.37913846954706, ""C6"": 1007.0348783326328, ""C7"": 123.62160676056338, ""C8"": 79.11384493670884, ""C9"": 104.25609409090907}",0,
975b95bc64c1d316,56,4,C2;C5;C6;C7,C2;C3;C5;C6;C7;C8;C9,9372000.0,-4372000.0,flood_range_capacity_maxflow_oracle,1,1078515.3612064174,19712.551206417498,1058802.81,19712.0,0.0,1,1,1,0.999999,0,0,,18811.481133692498,19712.551206417498,19712.551206417498,189.42174395250186,2.2737367544323206e-13,"{""C2"": 29.999969999999998, ""C3"": 129.15081424528302, ""C5"": 263.51325, ""C6"": 441.2972737447169, ""C7"": 34.84129949250001, ""C8"": 0.8672827900000044, ""C9"": 1.4001824525000046}","{""C2"": 29.999969999999998, ""C3"": 129.15081424528302, ""C5"": 263.51325, ""C6"": 1007.0348783326328, ""C7"": 123.62160676056338, ""C8"": 79.11384493670884, ""C9"": 104.25609409090907}",0,requested explicit package skipped because station cost exceeds budget
975b95bc64c1d316,57,4,C4;C5;C6;C7,C3;C4;C5;C6;C7;C8;C9,10932000.0,-5932000.0,flood_range_capacity_maxflow_oracle,1,1078515.3612064174,19712.551206417498,1058802.81,19712.0,0.0,1,1,1,0.999999,0,0,,18811.481133692498,19712.551206417498,19712.551206417498,189.42174395250186,0.0,"{""C3"": 129.15081424528302, ""C4"": 351.37913846954706, ""C5"": 263.51325, ""C6"": 129.24223701767005, ""C7"": 25.517167750000013, ""C8"": 0.8672827900000044, ""C9"": 1.4001824525000046}","{""C3"": 129.15081424528302, ""C4"": 351.37913846954706, ""C5"": 263.51325, ""C6"": 1007.0348783326328, ""C7"": 123.62160676056338, ""C8"": 79.11384493670884, ""C9"": 104.25609409090907}",0,requested explicit package skipped because station cost exceeds budget
975b95bc64c1d316,58,5,C1;C2;C4;C5;C6,C1;C2;C3;C4;C5;C6;C8;C9,10764000.0,-5764000.0,flood_range_capacity_maxflow_oracle,1,1078508.9571463251,19706.147146324998,1058802.81,19712.0,5.852853675001825,0,1,0,0.999999,0,0,,18811.481133692498,19706.147146324998,19706.147146324998,195.82580404500186,0.0,"{""C1"": 49.27002372262774, ""C2"": 29.999969999999998, ""C3"": 129.15081424528302, ""C4"": 351.37913846954706, ""C5"": 263.51325, ""C6"": 49.972243295042404, ""C8"": 10.724903165, ""C9"": 10.655669735000018}","{""C1"": 49.27002372262774, ""C2"": 29.999969999999998, ""C3"": 129.15081424528302, ""C4"": 351.37913846954706, ""C5"": 263.51325, ""C6"": 1007.0348783326328, ""C8"": 79.11384493670884, ""C9"": 104.25609409090907}",0,
975b95bc64c1d316,59,5,C1;C2;C4;C5;C7,C1;C2;C3;C4;C5;C7;C8;C9,3948000.0,1052000.0,flood_range_capacity_maxflow_oracle,1,1078515.3612064174,19712.551206417498,1058802.81,19712.0,0.0,1,1,1,0.999999,0,0,,18811.481133692498,19712.551206417498,19712.551206417498,189.42174395250186,0.0,"{""C1"": 49.27002372262774, ""C2"": 29.999969999999998, ""C3"": 129.15081424528302, ""C4"": 351.37913846954706, ""C5"": 263.51325, ""C7"": 75.48941104504235, ""C8"": 0.8672827900000044, ""C9"": 1.4001824525000046}","{""C1"": 49.27002372262774, ""C2"": 29.999969999999998, ""C3"": 129.15081424528302, ""C4"": 351.37913846954706, ""C5"": 263.51325, ""C7"": 123.62160676056338, ""C8"": 79.11384493670884, ""C9"": 104.25609409090907}",0,
975b95bc64c1d316,60,5,C1;C2;C4;C6;C7,C1;C2;C3;C4;C6;C7;C8;C9,10752000.0,-5752000.0,flood_range_capacity_maxflow_oracle,1,1078515.3612064174,19712.551206417498,1058802.81,19712.0,0.0,1,1,1,0.999999,0,0,,18811.481133692498,19712.551206417498,19712.551206417498,189.42174395250186,0.0,"{""C1"": 49.27002372262774, ""C2"": 29.999969999999998, ""C3"": 129.15081424528302, ""C4"": 351.37913846954706, ""C6"": 270.45369355504226, ""C7"": 68.54896749000002, ""C8"": 0.8672827900000044, ""C9"": 1.4001824525000046}","{""C1"": 49.27002372262774, ""C2"": 29.999969999999998, ""C3"": 129.15081424528302, ""C4"": 351.37913846954706, ""C6"": 1007.0348783326328, ""C7"": 123.62160676056338, ""C8"": 79.11384493670884, ""C9"": 104.25609409090907}",0,
975b95bc64c1d316,61,5,C1;C2;C5;C6;C7,C1;C2;C3;C5;C6;C7;C8;C9,9732000.0,-4732000.0,flood_range_capacity_maxflow_oracle,1,1078515.3612064174,19712.551206417498,1058802.81,19712.0,0.0,1,1,1,0.999999,0,0,,18811.481133692498,19712.551206417498,19712.551206417498,189.42174395250186,0.0,"{""C1"": 49.27002372262774, ""C2"": 29.999969999999998, ""C3"": 129.15081424528302, ""C5"": 263.51325, ""C6"": 392.0272500220892, ""C7"": 34.84129949250001, ""C8"": 0.8672827900000044, ""C9"": 1.4001824525000046}","{""C1"": 49.27002372262774, ""C2"": 29.999969999999998, ""C3"": 129.15081424528302, ""C5"": 263.51325, ""C6"": 1007.0348783326328, ""C7"": 123.62160676056338, ""C8"": 79.11384493670884, ""C9"": 104.25609409090907}",0,
975b95bc64c1d316,62,5,C1;C4;C5;C6;C7,C1;C3;C4;C5;C6;C7;C8;C9,11292000.0,-6292000.0,flood_range_capacity_maxflow_oracle,1,1078515.3612064174,19712.551206417498,1058802.81,19712.0,0.0,1,1,1,0.999999,0,0,,18811.481133692498,19712.551206417498,19712.551206417498,189.42174395250186,0.0,"{""C1"": 49.27002372262774, ""C3"": 129.15081424528302, ""C4"": 351.37913846954706, ""C5"": 263.51325, ""C6"": 79.97221329504225, ""C7"": 25.517167750000013, ""C8"": 0.8672827900000044, ""C9"": 1.4001824525000046}","{""C1"": 49.27002372262774, ""C3"": 129.15081424528302, ""C4"": 351.37913846954706, ""C5"": 263.51325, ""C6"": 1007.0348783326328, ""C7"": 123.62160676056338, ""C8"": 79.11384493670884, ""C9"": 104.25609409090907}",0,
975b95bc64c1d316,63,5,C2;C4;C5;C6;C7,C2;C3;C4;C5;C6;C7;C8;C9,11172000.0,-6172000.0,flood_range_capacity_maxflow_oracle,1,1078515.3612064174,19712.551206417498,1058802.81,19712.0,0.0,1,1,1,0.999999,0,0,,18811.481133692498,19712.551206417498,19712.551206417498,189.42174395250186,0.0,"{""C2"": 29.999969999999998, ""C3"": 129.15081424528302, ""C4"": 351.37913846954706, ""C5"": 263.51325, ""C6"": 99.24226701767009, ""C7"": 25.517167750000013, ""C8"": 0.8672827900000044, ""C9"": 1.4001824525000046}","{""C2"": 29.999969999999998, ""C3"": 129.15081424528302, ""C4"": 351.37913846954706, ""C5"": 263.51325, ""C6"": 1007.0348783326328, ""C7"": 123.62160676056338, ""C8"": 79.11384493670884, ""C9"": 104.25609409090907}",0,
975b95bc64c1d316,64,6,C1;C2;C4;C5;C6;C7,C1;C2;C3;C4;C5;C6;C7;C8;C9,11532000.0,-6532000.0,flood_range_capacity_maxflow_oracle,1,1078515.3612064174,19712.551206417498,1058802.81,19712.0,0.0,1,1,1,0.999999,0,0,,18811.481133692498,19712.551206417498,19712.551206417498,189.42174395250186,0.0,"{""C1"": 49.27002372262774, ""C2"": 29.999969999999998, ""C3"": 129.15081424528302, ""C4"": 351.37913846954706, ""C5"": 263.51325, ""C6"": 49.97224329504229, ""C7"": 25.517167750000013, ""C8"": 0.8672827900000044, ""C9"": 1.4001824525000046}","{""C1"": 49.27002372262774, ""C2"": 29.999969999999998, ""C3"": 129.15081424528302, ""C4"": 351.37913846954706, ""C5"": 263.51325, ""C6"": 1007.0348783326328, ""C7"": 123.62160676056338, ""C8"": 79.11384493670884, ""C9"": 104.25609409090907}",0,
